Workbook
Name _GoBack: 'INGENIERÍA FABRICA'!#REF!
Name _GoBack: 'MASTER INGENIERÍA CLIENTE'!#REF!
Name _GoBack: 'MASTER U3'!#REF!
Name _GoBack: 'SDI o TRL CLIENTE'!#REF!
Name NombreDocumento: 'INGENIERÍA FABRICA'!#REF!
Name NombreDocumento: 'MASTER INGENIERÍA CLIENTE'!#REF!
Name NombreDocumento: 'MASTER U3'!#REF!
Name NombreDocumento: 'SDI o TRL CLIENTE'!#REF!

Sheet MASTER INGENIERÍA CLIENTE
Q1: FECHA: | R1: =TODAY() -> 46130
E2: CANTIDAD DE DOCUMENTOS | H2: =SUBTOTAL(3,H4:H244) -> 222 | N2: RESUMEN | V2: 1ERA EMISIÓN | Z2: COMENTARIOS CLIENTE | AD2: 2DA EMISIÓN | AH2: COMENTARIOS CLIENTE | AL2: 3ERA EMISIÓN | AP2: COMENTARIOS CLIENTE | AT2: 4TA EMISIÓN | AX2: COMENTARIOS CLIENTE | BB2: 5TA EMISIÓN | BF2: COMENTARIOS CLIENTE | BJ2: 6TA EMISIÓN | BN2: COMENTARIOS CLIENTE | BR2: 7MA EMISIÓN | BV2: COMENTARIOS CLIENTE | BZ2: 8VA EMISIÓN | CD2: COMENTARIOS CLIENTE | CH2: 9NA EMISIÓN | CL2: COMENTARIOS CLIENTE | CP2: 10MA EMISIÓN | CT2: COMENTARIOS CLIENTE | CX2: EMISIÓN | DB2: COMENTARIOS CLIENTE | DF2: EMISIÓN | DJ2: COMENTARIOS CLIENTE | DN2: EMISIÓN | DR2: COMENTARIOS CLIENTE | DV2: EMISIÓN | DZ2: COMENTARIOS CLIENTE | ED2: EMISIÓN | EH2: COMENTARIOS CLIENTE | EL2: EMISIÓN | EP2: COMENTARIOS CLIENTE | ET2: EMISIÓN | EX2: COMENTARIOS CLIENTE | FB2: EMISIÓN | FF2: COMENTARIOS CLIENTE | FJ2: EMISIÓN | FN2: COMENTARIOS CLIENTE | FR2: EMISIÓN | FV2: COMENTARIOS CLIENTE | FZ2: EMISIÓN | GD2: COMENTARIOS CLIENTE | GH2: EMISIÓN | GL2: COMENTARIOS CLIENTE | GP2: EMISIÓN | GT2: COMENTARIOS CLIENTE
B3: << | C3: Tipo de ing | D3: SALA / TAG | E3: CÓDIGO SEGURA | F3: CÓDIGO INN | G3: CÓDIGO CODELCO CHUQUICAMATA | H3: DESCRIPCIÓN DE DOCUMENTO | I3: COMPROMISO DE ENTREGA SEGURA (1 semana corrida) | J3: CRITICIDAD | K3: DEADLINE CLIENTE (1 semana corrida) | L3: COMENTARIO INTERNO | M3: DISCIPLINA | N3: REVISIÓN | O3: ACTA DE ENVÍO O TRL | P3: FECHA ÚLTIMO ENVÍO SEH | Q3: FECHA RESPUESTA CLIENTE | R3: ESTATUS | S3: INDICADOR SEH DIAS LEVANTANDO COMENTARIOS) | T3: DÍAS EN REVISIÓN INN | U3: N° EMISIONES REALIZADAS | V3: REVISION | W3: TRANSMITTAL SEH | X3: TIEMPO RESPUESTA | Y3: FECHA EMITIDO | Z3: TRANSMITTAL | AA3: FECHA | AB3: TIEMPO RESPUESTA | AC3: OBS | AD3: REVISION | AE3: TRANSMITTAL SEH | AF3: DIAS EN LEVANTAR COMENTARIOS | AG3: FECHA | AH3: TRANSMITTAL | AI3: FECHA | AJ3: TIEMPO RESPUESTA | AK3: OBS | AL3: REVISION | AM3: TRANSMITTAL SEH | AN3: TIEMPO RESPUESTA | AO3: FECHA | AP3: TRANSMITTAL | AQ3: FECHA | AR3: TIEMPO RESPUESTA | AS3: OBS | AT3: REVISION | AU3: TRANSMITTAL SEH | AV3: TIEMPO RESPUESTA | AW3: FECHA | AX3: TRANSMITTAL | AY3: FECHA | AZ3: TIEMPO RESPUESTA | BA3: OBS | BB3: REVISION | BC3: TRANSMITTAL SEH | BD3: TIEMPO RESPUESTA | BE3: FECHA | BF3: TRANSMITTAL | BG3: FECHA | BH3: TIEMPO RESPUESTA | BI3: OBS | BJ3: REVISION | BK3: TRANSMITTAL SEH | BL3: TIEMPO RESPUESTA | BM3: FECHA | BN3: TRANSMITTAL | BO3: FECHA | BP3: TIEMPO RESPUESTA | BQ3: OBS | BR3: REVISION | BS3: TRANSMITTAL SEH | BT3: TIEMPO RESPUESTA | BU3: FECHA | BV3: TRANSMITTAL | BW3: FECHA | BX3: TIEMPO RESPUESTA | BY3: OBS | BZ3: REVISION | CA3: TRANSMITTAL SEH | CB3: TIEMPO RESPUESTA | CC3: FECHA | CD3: TRANSMITTAL | CE3: FECHA | CF3: TIEMPO RESPUESTA | CG3: OBS | CH3: REVISION | CI3: TRANSMITTAL SEH | CJ3: TIEMPO RESPUESTA | CK3: FECHA | CL3: TRANSMITTAL | CM3: FECHA | CN3: TIEMPO RESPUESTA | CO3: OBS | CP3: REVISION | CQ3: TRANSMITTAL SEH | CR3: TIEMPO RESPUESTA | CS3: FECHA | CT3: TRANSMITTAL SIEMENS | CU3: FECHA | CV3: TIEMPO RESPUESTA | CW3: OBS | CX3: REVISION | CY3: TRANSMITTAL SEH | CZ3: TIEMPO RESPUESTA | DA3: FECHA | DB3: TRANSMITTAL SIEMENS | DC3: FECHA | DD3: TIEMPO RESPUESTA | DE3: OBS | DF3: REVISION | DG3: TRANSMITTAL SEH | DH3: TIEMPO RESPUESTA | DI3: FECHA | DJ3: TRANSMITTAL SIEMENS | DK3: FECHA | DL3: TIEMPO RESPUESTA | DM3: OBS | DN3: REVISION | DO3: TRANSMITTAL SEH | DP3: TIEMPO RESPUESTA | DQ3: FECHA | DR3: TRANSMITTAL SIEMENS | DS3: FECHA | DT3: TIEMPO RESPUESTA | DU3: OBS | DV3: REVISION | DW3: TRANSMITTAL SEH | DX3: TIEMPO RESPUESTA | DY3: FECHA | DZ3: TRANSMITTAL SIEMENS | EA3: FECHA | EB3: TIEMPO RESPUESTA | EC3: OBS | ED3: REVISION | EE3: TRANSMITTAL SEH | EF3: TIEMPO RESPUESTA | EG3: FECHA | EH3: TRANSMITTAL SIEMENS | EI3: FECHA | EJ3: TIEMPO RESPUESTA | EK3: OBS | EL3: REVISION | EM3: TRANSMITTAL SEH | EN3: TIEMPO RESPUESTA | EO3: FECHA | EP3: TRANSMITTAL SIEMENS | EQ3: FECHA | ER3: TIEMPO RESPUESTA | ES3: OBS | ET3: REVISION | EU3: TRANSMITTAL SEH | EV3: TIEMPO RESPUESTA | EW3: FECHA | EX3: TRANSMITTAL SIEMENS | EY3: FECHA | EZ3: TIEMPO RESPUESTA | FA3: OBS | FB3: REVISION | FC3: TRANSMITTAL SEH | FD3: TIEMPO RESPUESTA | FE3: FECHA | FF3: TRANSMITTAL SIEMENS | FG3: FECHA | FH3: TIEMPO RESPUESTA | FI3: OBS | FJ3: REVISION | FK3: TRANSMITTAL SEH | FL3: TIEMPO RESPUESTA | FM3: FECHA | FN3: TRANSMITTAL SIEMENS | FO3: FECHA | FP3: TIEMPO RESPUESTA | FQ3: OBS | FR3: REVISION | FS3: TRANSMITTAL SEH | FT3: TIEMPO RESPUESTA | FU3: FECHA | FV3: TRANSMITTAL SIEMENS | FW3: FECHA | FX3: TIEMPO RESPUESTA | FY3: OBS | FZ3: REVISION | GA3: TRANSMITTAL SEH | GB3: TIEMPO RESPUESTA | GC3: FECHA | GD3: TRANSMITTAL SIEMENS | GE3: FECHA | GF3: TIEMPO RESPUESTA | GG3: OBS | GH3: REVISION | GI3: TRANSMITTAL SEH | GJ3: TIEMPO RESPUESTA | GK3: FECHA | GL3: TRANSMITTAL SIEMENS | GM3: FECHA | GN3: TIEMPO RESPUESTA | GO3: OBS | GP3: REVISION | GQ3: TRANSMITTAL SEH | GR3: TIEMPO RESPUESTA | GS3: FECHA | GT3: TRANSMITTAL SIEMENS | GU3: FECHA | GV3: TIEMPO RESPUESTA | GW3: OBS | GX3: REVISION | GY3: TRANSMITTAL SEH | GZ3: TIEMPO RESPUESTA | HA3: FECHA | HB3: TRANSMITTAL SIEMENS | HC3: FECHA | HD3: TIEMPO RESPUESTA | HE3: OBS | HF3: REVISION | HG3: TRANSMITTAL SEH | HH3: TIEMPO RESPUESTA | HI3: FECHA | HJ3: TRANSMITTAL SIEMENS | HK3: FECHA | HL3: TIEMPO RESPUESTA | HM3: OBS | HN3: REVISION | HO3: TRANSMITTAL SEH | HP3: TIEMPO RESPUESTA | HQ3: FECHA | HR3: TRANSMITTAL SIEMENS | HS3: FECHA | HT3: TIEMPO RESPUESTA | HU3: OBS
B4: 1 | D4: ALL | E4: 6021-RES-CP-011 | F4: N/A | G4: N/A | H4: RESUMEN SEMANAL SEH - Nº11 | M4: CP | N4: 0 | O4: 136 | P4: 46036 | R4: Entregado | V4: 0 | W4: 136 | Y4: 46036
B5: 2 | D5: ALL | E5: 6021-LOG-0001 | F5: N/A | G5: N/A | H5: TALABRE - LOG DE CAMBIOS AL 14-01-2026 | M5: CP | N5: 0 | O5: 136 | P5: 46036 | R5: Entregado | S5: =IF(R5="Aprobado con comentarios / Emitir en Rev_0", NETWORKDAYS(Q5,TODAY(),Hoja1!$C$3:$C$25),0) -> 0 | T5: =IF(R5="Revisión INN",NETWORKDAYS(P5,TODAY(),Hoja1!$C$3:$C$25),0) -> 0 | U5: =ROUNDUP(((COUNTA(V5:GW5)/4)/2),0) -> 1 | V5: 0 | W5: 136 | Y5: 46036
B6: 3 | D6: ALL | E6: OT-6021-IAS-CP-0021 | F6: N/A | G6: N/A | H6: INFORME DE AVANCE SEMANAL Nº21 AL 14-01-2027 | M6: CP | N6: 0 | O6: 136 | P6: 46036 | R6: Entregado | S6: =IF(R6="Aprobado con comentarios / Emitir en Rev_0", NETWORKDAYS(Q6,TODAY(),Hoja1!$C$3:$C$25),0) -> 0 | T6: =IF(R6="Revisión INN",NETWORKDAYS(P6,TODAY(),Hoja1!$C$3:$C$25),0) -> 0 | U6: =ROUNDUP(((COUNTA(V6:GW6)/4)/2),0) -> 1 | V6: 0 | W6: 136 | Y6: 46036
E7: OT-6021-IAS-CP-0034 | F7: N/A | H7: 'INFORME DE AVANCE SEMANAL Nº34 AL 14-04-2026 | M7: CP | N7: 0 | O7: 262 | P7: 46126 | R7: ENTREGADO | S7: =IF(R7="Aprobado con comentarios / Emitir en Rev_0", NETWORKDAYS(Q7,TODAY(),Hoja1!$C$3:$C$25),0) -> 0 | T7: =IF(R7="Revisión INN",NETWORKDAYS(P7,TODAY(),Hoja1!$C$3:$C$25),0) -> 0 | U7: =ROUNDUP(((COUNTA(V7:GW7)/4)/2),0) -> 0
E8: 6021-RES-CP-024 | F8: N/A | H8: RESUMEN SEMANAL SEH - Nº24 | M8: CP | N8: 0 | O8: 262 | P8: 46126 | R8: ENTREGADO | S8: =IF(R8="Aprobado con comentarios / Emitir en Rev_0", NETWORKDAYS(Q8,TODAY(),Hoja1!$C$3:$C$25),0) -> 0 | T8: =IF(R8="Revisión INN",NETWORKDAYS(P8,TODAY(),Hoja1!$C$3:$C$25),0) -> 0 | U8: =ROUNDUP(((COUNTA(V8:GW8)/4)/2),0) -> 0
B9: 4 | C9: N/A | D9: 3713-SEL-1001 | E9: SEH-OT-6021-PR-CP-001 | F9: N/A | G9: N/A | H9: PLANIFICACIÓN - CARTA GANTT // SALA TAG 3713-SEL-1001 | I9: - | K9: - | M9: CP | N9: 0 | O9: 262 | P9: 46126 | Q9: 45937 | R9: ENTREGADO | S9: =IF(R9="Aprobado con comentarios / Emitir en Rev_0", NETWORKDAYS(Q9,TODAY(),Hoja1!$C$3:$C$25),0) -> 0 | T9: =IF(R9="Revisión INN",NETWORKDAYS(P9,TODAY(),Hoja1!$C$3:$C$25),0) -> 0 | U9: =ROUNDUP(((COUNTA(V9:GW9)/4)/2),0) -> 13 | V9: B | W9: 5 | X9: - | Y9: 45895 | Z9: 12 | AA9: 45904 | AB9: =AA9-Y9 -> 9 | AC9: Comentado / Emitir Rev.C | AD9: C | AE9: 17 | AF9: =AG9-AA9 -> 7 | AG9: 45911 | AH9: 25 | AI9: 45926 | AJ9: =AG9-AI9 -> -15 | AK9: Aprobado con comentarios menores / pasar a 0 | AL9: 0 | AM9: 30 | AN9: =AO9-AI9 -> 4 | AO9: 45930 | AP9: 32 | AQ9: 45937 | AR9: =AQ9-AO9 -> 7 | AS9: Aprobado | AT9: 0 | AU9: 35 | AV9: =AW9-AQ9 -> 0 | AW9: 45937 | AX9: - | AY9: - | AZ9: - | BA9: - | BB9: 0 | BC9: 57 | BE9: 45958 | BF9: - | BG9: - | BH9: - | BI9: - | BJ9: 0 | BK9: 64 | BL9: - | BM9: 45966 | BR9: 0 | BS9: 70 | BU9: 45972 | BV9: - | BW9: - | BX9: - | BY9: - | BZ9: 0 | CA9: 83 | CC9: 45986 | CH9: 0 | CI9: 92 | CJ9: - | CK9: 45993 | CP9: 0 | CQ9: 102 | CS9: 46000 | CX9: 0 | CY9: 86 | DA9: 46008 | DF9: 0 | DG9: 117 | DI9: 46014 | DN9: 0 | DO9: 126 | DQ9: 46022 | DV9: 0 | DW9: 128 | DY9: 46028 | ED9: 0 | EE9: 136 | EG9: 46036 | EL9: 0 | EM9: 142 | EO9: 46042 | ET9: 0 | EU9: 154 | EW9: 46049 | FB9: 0 | FC9: 164 | FE9: 46057 | FJ9: 0 | FK9: 166 | FM9: 46064 | FR9: 0 | FS9: 194 | FU9: 46077 | FZ9: 0 | GA9: 225 | GC9: 46099 | GH9: 0 | GI9: 255 | GK9: 46119 | GP9: 0 | GQ9: 262 | GS9: 46126
B10: 5 | C10: N/A | D10: 3762-SEL-1101 | E10: SEH-OT-6021-PR-CP-002 | F10: N/A | G10: N/A | H10: PLANIFICACIÓN - CARTA GANTT // SALA TAG 3762-SEL-1101 | I10: - | K10: - | M10: CP | N10: 0 | O10: 262 | P10: 46126 | Q10: 45937 | R10: ENTREGADO | S10: =IF(R10="Aprobado con comentarios / Emitir en Rev_0", NETWORKDAYS(Q10,TODAY(),Hoja1!$C$3:$C$25),0) -> 0 | T10: =IF(R10="Revisión INN",NETWORKDAYS(P10,TODAY(),Hoja1!$C$3:$C$25),0) -> 0 | U10: =ROUNDUP(((COUNTA(V10:GW10)/4)/2),0) -> 13 | V10: B | W10: 5 | X10: - | Y10: 45895 | Z10: 12 | AA10: 45904 | AB10: =AA10-Y10 -> 9 | AC10: Comentado / Emitir Rev.C | AD10: C | AE10: 17 | AF10: =AG10-AA10 -> 7 | AG10: 45911 | AH10: 25 | AI10: 45926 | AJ10: =AG10-AI10 -> -15 | AK10: Aprobado con comentarios menores / pasar a 0 | AL10: 0 | AM10: 30 | AN10: =AO10-AI10 -> 4 | AO10: 45930 | AP10: 32 | AQ10: 45937 | AR10: =AQ10-AO10 -> 7 | AS10: Aprobado | AT10: 0 | AU10: 35 | AV10: =AW10-AQ10 -> 0 | AW10: 45937 | AX10: - | AY10: - | AZ10: - | BA10: - | BB10: 0 | BC10: 57 | BE10: 45958 | BF10: - | BG10: - | BH10: - | BI10: - | BJ10: 0 | BK10: 64 | BL10: - | BM10: 45966 | BR10: 0 | BS10: 70 | BU10: 45972 | BV10: - | BW10: - | BX10: - | BY10: - | BZ10: 0 | CA10: 83 | CC10: 45986 | CH10: 0 | CI10: 92 | CJ10: - | CK10: 45993 | CP10: 0 | CQ10: 102 | CS10: 46000 | CX10: 0 | CY10: 86 | DA10: 46008 | DF10: 0 | DG10: 117 | DI10: 46014 | DN10: 0 | DO10: 126 | DQ10: 46022 | DV10: 0 | DW10: 128 | DY10: 46028 | ED10: 0 | EE10: 136 | EG10: 46036 | EL10: 0 | EM10: 142 | EO10: 46042 | ET10: 0 | EU10: 154 | EW10: 46049 | FB10: 0 | FC10: 164 | FE10: 46057 | FJ10: 0 | FK10: 166 | FM10: 46064 | FR10: 0 | FS10: 194 | FU10: 46077 | FZ10: 0 | GA10: 225 | GC10: 46099 | GH10: 0 | GI10: 255 | GK10: 46119 | GP10: 0 | GQ10: 262 | GS10: 46126
B11: 8 | C11: N/A | D11: ALL | E11: OT-6021-IAS-CP-0001 | F11: N/A | G11: N/A | H11: INFORME DE AVANCE SEMANAL Nº1 | I11: N/A | K11: N/A | M11: CP | N11: 0 | O11: 8 | P11: 45898 | Q11: - | R11: Entregado | S11: =IF(R11="Aprobado con comentarios / Emitir en Rev_0", NETWORKDAYS(Q11,TODAY(),Hoja1!$C$3:$C$25),0) -> 0 | T11: =IF(R11="Revisión INN",NETWORKDAYS(P11,TODAY(),Hoja1!$C$3:$C$25),0) -> 0 | U11: =ROUNDUP(((COUNTA(V11:GW11)/4)/2),0) -> 1 | V11: 0 | W11: 8 | Y11: 45898
B12: 9 | C12: N/A | D12: ALL | E12: OT-6021-IAS-CP-0002 | F12: N/A | G12: N/A | H12: INFORME DE AVANCE SEMANAL Nº2 | I12: N/A | K12: N/A | M12: CP | N12: 0 | O12: 12 | P12: 45904 | Q12: - | R12: Entregado | S12: =IF(R12="Aprobado con comentarios / Emitir en Rev_0", NETWORKDAYS(Q12,TODAY(),Hoja1!$C$3:$C$25),0) -> 0 | T12: =IF(R12="Revisión INN",NETWORKDAYS(P12,TODAY(),Hoja1!$C$3:$C$25),0) -> 0 | U12: =ROUNDUP(((COUNTA(V12:GW12)/4)/2),0) -> 1 | V12: 0 | W12: 12 | Y12: 45905
B13: 10 | C13: N/A | D13: ALL | E13: OT-6021-IAS-CP-0003 | F13: N/A | G13: N/A | H13: INFORME DE AVANCE SEMANAL Nº3 | I13: N/A | K13: N/A | M13: CP | N13: 0 | O13: 14 | P13: 45909 | Q13: - | R13: Entregado | S13: =IF(R13="Aprobado con comentarios / Emitir en Rev_0", NETWORKDAYS(Q13,TODAY(),Hoja1!$C$3:$C$25),0) -> 0 | T13: =IF(R13="Revisión INN",NETWORKDAYS(P13,TODAY(),Hoja1!$C$3:$C$25),0) -> 0 | U13: =ROUNDUP(((COUNTA(V13:GW13)/4)/2),0) -> 1 | V13: 0 | W13: 14 | Y13: 45909
B14: 11 | C14: N/A | D14: ALL | E14: OT-6021-IAS-CP-0004 | F14: N/A | G14: N/A | H14: INFORME DE AVANCE SEMANAL Nº4 | I14: N/A | K14: N/A | M14: CP | N14: 0 | P14: 45916 | Q14: - | R14: Entregado | S14: =IF(R14="Aprobado con comentarios / Emitir en Rev_0", NETWORKDAYS(Q14,TODAY(),Hoja1!$C$3:$C$25),0) -> 0 | T14: =IF(R14="Revisión INN",NETWORKDAYS(P14,TODAY(),Hoja1!$C$3:$C$25),0) -> 0 | U14: =ROUNDUP(((COUNTA(V14:GW14)/4)/2),0) -> 1 | V14: 0 | W14: 20 | Y14: 45916
B15: 12 | C15: N/A | D15: ALL | E15: OT-6021-IAS-CP-0005 | F15: N/A | G15: N/A | H15: INFORME DE AVANCE SEMANAL Nº5 | I15: N/A | K15: N/A | M15: CP | N15: 0 | O15: 23 | P15: 45923 | Q15: - | R15: Entregado | S15: =IF(R15="Aprobado con comentarios / Emitir en Rev_0", NETWORKDAYS(Q15,TODAY(),Hoja1!$C$3:$C$25),0) -> 0 | T15: =IF(R15="Revisión INN",NETWORKDAYS(P15,TODAY(),Hoja1!$C$3:$C$25),0) -> 0 | U15: =ROUNDUP(((COUNTA(V15:GW15)/4)/2),0) -> 1 | V15: 0 | W15: 23 | Y15: 45923
B16: 13 | C16: N/A | D16: ALL | E16: OT-6021-IAS-CP-0007 | F16: N/A | G16: N/A | H16: INFORME DE AVANCE SEMANAL Nº7 | I16: N/A | K16: N/A | M16: CP | N16: 0 | O16: 35 | P16: 45937 | Q16: - | R16: Entregado | S16: =IF(R16="Aprobado con comentarios / Emitir en Rev_0", NETWORKDAYS(Q16,TODAY(),Hoja1!$C$3:$C$25),0) -> 0 | T16: =IF(R16="Revisión INN",NETWORKDAYS(P16,TODAY(),Hoja1!$C$3:$C$25),0) -> 0 | U16: =ROUNDUP(((COUNTA(V16:GW16)/4)/2),0) -> 1 | V16: 0 | W16: 35 | Y16: 45937
B17: 14 | C17: N/A | D17: ALL | E17: 6021-LTA-CP-0001 | F17: N/A | G17: N/A | H17: LISTADO DE ENTREGABLES | I17: Cerrado | K17: Cerrado | M17: CP-INF | N17: 0 | O17: 64 | P17: 45943 | Q17: 45979 | R17: Aprobado | S17: =IF(R17="Aprobado con comentarios / Emitir en Rev_0", NETWORKDAYS(Q17,TODAY(),Hoja1!$C$3:$C$25),0) -> 0 | T17: =IF(R17="Revisión INN",NETWORKDAYS(P17,TODAY(),Hoja1!$C$3:$C$25),0) -> 0 | U17: =ROUNDUP(((COUNTA(V17:GW17)/4)/2),0) -> 3 | V17: B | W17: 2 | Y17: 45887 | Z17: 9 | AA17: 45898 | AB17: =AA17-Y17 -> 11 | AC17: Aprobado con comentarios / Emitir Rev.C | AD17: C | AE17: 10 | AF17: =AG17-AA17 -> 5 | AG17: 45903 | AH17: 28 | AI17: 45931 | AJ17: =AI17-AG17 -> 28 | AK17: Aprobado con comentarios / Emitir en Rev_0 | AL17: 0 | AM17: 40 | AN17: =AO17-AI17 -> 12 | AO17: 45943 | AP17: 64 | AQ17: 45981 | AS17: Aprobado
B18: 15 | C18: N/A | D18: ALL | E18: 6021-MTR-CP-0001 | F18: N/A | G18: N/A | H18: MATRIZ DE COMUNICACIÓN SEGURA | I18: N/A | K18: N/A | M18: CP-INF | N18: 0 | O18: 1 | P18: 45887 | R18: Entregado | S18: =IF(R18="Aprobado con comentarios / Emitir en Rev_0", NETWORKDAYS(Q18,TODAY(),Hoja1!$C$3:$C$25),0) -> 0 | T18: =IF(R18="Revisión INN",NETWORKDAYS(P18,TODAY(),Hoja1!$C$3:$C$25),0) -> 0 | U18: =ROUNDUP(((COUNTA(V18:GW18)/4)/2),0) -> 1 | V18: 0 | W18: 1 | Y18: 45887
B19: 16 | C19: N/A | D19: ALL | E19: OT-6021-IAS-CP-0008 | F19: N/A | G19: N/A | H19: INFORME DE AVANCE SEMANAL Nº8 | M19: CP | N19: 0 | O19: 44 | P19: 45944 | Q19: - | R19: Entregado | S19: =IF(R19="Aprobado con comentarios / Emitir en Rev_0", NETWORKDAYS(Q19,TODAY(),Hoja1!$C$3:$C$25),0) -> 0 | T19: =IF(R19="Revisión INN",NETWORKDAYS(P19,TODAY(),Hoja1!$C$3:$C$25),0) -> 0 | U19: =ROUNDUP(((COUNTA(V19:GW19)/4)/2),0) -> 1 | V19: 0 | W19: 44 | Y19: 45944
B20: 17 | C20: N/A | D20: ALL | E20: OT-6021-IAS-CP-0009 | F20: N/A | G20: N/A | H20: INFORME DE AVANCE SEMANAL Nº9 | M20: CP | N20: 0 | O20: 50 | P20: 45951 | R20: Entregado | S20: =IF(R20="Aprobado con comentarios / Emitir en Rev_0", NETWORKDAYS(Q20,TODAY(),Hoja1!$C$3:$C$25),0) -> 0 | T20: =IF(R20="Revisión INN",NETWORKDAYS(P20,TODAY(),Hoja1!$C$3:$C$25),0) -> 0 | U20: =ROUNDUP(((COUNTA(V20:GW20)/4)/2),0) -> 1 | V20: 0 | W20: 50 | Y20: 45951
B21: 18 | D21: ALL | E21: 6021-RES-CP-003 | F21: N/A | G21: N/A | H21: RESUMEN SEMANAL SEH - Nº3 | M21: CP | N21: 0 | O21: 80 | P21: 45981 | R21: Entregado | S21: =IF(R21="Aprobado con comentarios / Emitir en Rev_0", NETWORKDAYS(Q21,TODAY(),Hoja1!$C$3:$C$25),0) -> 0 | T21: =IF(R21="Revisión INN",NETWORKDAYS(P21,TODAY(),Hoja1!$C$3:$C$25),0) -> 0 | U21: =ROUNDUP(((COUNTA(V21:GW21)/4)/2),0) -> 1 | V21: 0 | W21: 80 | Y21: 45981
B22: 19 | C22: N/A | D22: ALL | E22: OT-6021-IAS-CP-0010 | F22: N/A | G22: N/A | H22: INFORME DE AVANCE SEMANAL Nº10 | I22: N/A | M22: CP | N22: 0 | O22: 57 | P22: 45958 | Q22: - | R22: Entregado | S22: =IF(R22="Aprobado con comentarios / Emitir en Rev_0", NETWORKDAYS(Q22,TODAY(),Hoja1!$C$3:$C$25),0) -> 0 | T22: =IF(R22="Revisión INN",NETWORKDAYS(P22,TODAY(),Hoja1!$C$3:$C$25),0) -> 0 | U22: =ROUNDUP(((COUNTA(V22:GW22)/4)/2),0) -> 1 | V22: 0 | W22: 57 | Y22: 45958
B23: 20 | C23: N/A | D23: ALL | E23: 6021-MIN-ING-0001_Nº1_26.08.25 | F23: N/A | G23: N/A | H23: MINUTA DE REUNIÓN INGENIERIA Nº1 | M23: MINU | N23: 0 | O23: 6 | P23: 45895 | R23: Entregado | S23: =IF(R23="Aprobado con comentarios / Emitir en Rev_0", NETWORKDAYS(Q23,TODAY(),Hoja1!$C$3:$C$25),0) -> 0 | T23: =IF(R23="Revisión INN",NETWORKDAYS(P23,TODAY(),Hoja1!$C$3:$C$25),0) -> 0 | U23: =ROUNDUP(((COUNTA(V23:GW23)/4)/2),0) -> 1 | V23: 0 | W23: 6 | Y23: 45895 | AK23: Aprobado con comentarios menores / pasar a 0
B24: 21 | C24: N/A | D24: ALL | E24: 6021-MIN-ING-0001_Nº2_02.09.25 | F24: N/A | G24: N/A | H24: MINUTA DE REUNIÓN INGENIERIA Nº2 | M24: MINU | N24: 0 | O24: 9 | P24: 45903 | R24: Entregado | S24: =IF(R24="Aprobado con comentarios / Emitir Rev_B", NETWORKDAYS(Q24,TODAY(),Hoja1!$C$3:$C$25),0) -> 0 | T24: =IF(R24="Revisión INN",NETWORKDAYS(P24,TODAY(),Hoja1!$C$3:$C$25),0) -> 0 | U24: =ROUNDUP(((COUNTA(V24:GW24)/4)/2),0) -> 1 | V24: 0 | W24: 9 | Y24: 45903
B25: 22 | C25: N/A | D25: ALL | E25: 6021-MIN-ING-0001_Nº3_09.09.25 | F25: N/A | G25: N/A | H25: MINUTA DE REUNIÓN INGENIERIA Nº3 | M25: MINU | N25: 0 | O25: 21 | P25: 45922 | R25: Entregado | S25: =IF(R25="Aprobado con comentarios / Emitir Rev_B", NETWORKDAYS(Q25,TODAY(),Hoja1!$C$3:$C$25),0) -> 0 | T25: =IF(R25="Revisión INN",NETWORKDAYS(P25,TODAY(),Hoja1!$C$3:$C$25),0) -> 0 | U25: =ROUNDUP(((COUNTA(V25:GW25)/4)/2),0) -> 1 | V25: 0 | W25: 21 | Y25: 45922
B26: 23 | C26: N/A | D26: ALL | E26: 6021-MIN-ING-0001_Nº4_16.09.25 | F26: N/A | G26: N/A | H26: MINUTA DE REUNIÓN INGENIERIA Nº4 | I26: N/A | K26: N/A | L26: N/A | M26: MINU | N26: 0 | O26: 21 | P26: 45922 | R26: Entregado | S26: =IF(R26="Aprobado con comentarios / Emitir Rev_B", NETWORKDAYS(Q26,TODAY(),Hoja1!$C$3:$C$25),0) -> 0 | T26: =IF(R26="Revisión INN",NETWORKDAYS(P26,TODAY(),Hoja1!$C$3:$C$25),0) -> 0 | U26: =ROUNDUP(((COUNTA(V26:GW26)/4)/2),0) -> 1 | V26: 0 | W26: 21 | Y26: 45922
B27: 24 | C27: N/A | D27: ALL | E27: 6021-MIN-ING-0001_Nº5_23.09.25 | F27: N/A | G27: N/A | H27: MINUTA DE REUNIÓN INGENIERIA Nº5 | I27: N/A | K27: N/A | L27: N/A | M27: MINU | N27: 0 | O27: 24 | P27: 45924 | R27: Entregado | S27: =IF(R27="Aprobado con comentarios / Emitir Rev_B", NETWORKDAYS(Q27,TODAY(),Hoja1!$C$3:$C$25),0) -> 0 | T27: =IF(R27="Revisión INN",NETWORKDAYS(P27,TODAY(),Hoja1!$C$3:$C$25),0) -> 0 | U27: =ROUNDUP(((COUNTA(V27:GW27)/4)/2),0) -> 1 | V27: 0 | W27: 23 | Y27: 45923
B28: 25 | C28: N/A | D28: ALL | E28: 6021-MIN-ING-0001_Nº6_30.09.25 | F28: N/A | G28: N/A | H28: MINUTA DE REUNIÓN INGENIERIA Nº6 | I28: N/A | K28: N/A | L28: N/A | M28: MINU | N28: 0 | O28: 29 | P28: 45930 | R28: Entregado | S28: =IF(R28="Aprobado con comentarios / Emitir Rev_B", NETWORKDAYS(Q28,TODAY(),Hoja1!$C$3:$C$25),0) -> 0 | T28: =IF(R28="Revisión INN",NETWORKDAYS(P28,TODAY(),Hoja1!$C$3:$C$25),0) -> 0 | U28: =ROUNDUP(((COUNTA(V28:GW28)/4)/2),0) -> 1 | V28: 0 | W28: 29 | Y28: 45930
B29: 26 | C29: N/A | D29: ALL | E29: 6021-MIN-ING-0001_Nº7_07.10.25 | F29: N/A | G29: N/A | H29: MINUTA DE REUNIÓN INGENIERIA Nº7 | I29: N/A | K29: N/A | L29: N/A | M29: MINU | N29: 0 | O29: 36 | P29: 45938 | R29: Entregado | S29: =IF(R29="Aprobado con comentarios / Emitir Rev_B", NETWORKDAYS(Q29,TODAY(),Hoja1!$C$3:$C$25),0) -> 0 | T29: =IF(R29="Revisión INN",NETWORKDAYS(P29,TODAY(),Hoja1!$C$3:$C$25),0) -> 0 | U29: =ROUNDUP(((COUNTA(V29:GW29)/4)/2),0) -> 1 | V29: 0 | W29: 36 | Y29: 45938
B30: 27 | C30: N/A | D30: ALL | E30: 6021-MDC-HD-0001 | F30: N/A | G30: N/A | H30: CRITERIOS DE DISEÑO MCE (UNIFICACIÓN DE DATOS) | I30: N/A | K30: N/A | M30: ME | N30: 0 | O30: 16 | P30: 45890 | Q30: 45912 | R30: Respondido | S30: =IF(R30="Aprobado con comentarios / Emitir en Rev_0", NETWORKDAYS(Q30,TODAY(),Hoja1!$C$3:$C$25),0) -> 0 | T30: =IF(R30="Revisión INN",NETWORKDAYS(P30,TODAY(),Hoja1!$C$3:$C$25),0) -> 0 | U30: =ROUNDUP(((COUNTA(V30:GW30)/4)/2),0) -> 1 | V30: 0 | W30: 3 | Y30: 45890 | Z30: 16 | AA30: 45912 | AB30: =AA30-Y30 -> 22 | AC30: Respondido
B31: 111 | C31: N/A | D31: 3713-SEL-1001 | E31: 6021-CER-QA-0101 | F31: 66OP12044-INN-PRET-ME-CE0220 | G31: N23CC02-PEL01-3713-CERES-00001 | H31: CERTIFICADOS DE ACERO NCH203 SALA ELÉCTRICA 3713-SEL-1001 | M31: QA | N31: 0 | O31: 124 | P31: 46029 | Q31: 46050 | R31: Aprobado / Emitir Rev_1 | S31: =IF(R31="Aprobado / Emitir Rev_1", NETWORKDAYS(Q31,TODAY(),Hoja1!$C$3:$C$25),0) -> 57 | T31: =IF(R31="Revisión INN",NETWORKDAYS(P31,TODAY(),Hoja1!$C$3:$C$25),0) -> 0 | U31: =ROUNDUP(((COUNTA(V31:GW31)/4)/2),0) -> 4 | V31: A | W31: 52 | Y31: 45953 | Z31: 66 | AA31: 45987 | AC31: Aprobado / Emitir en Rev_0 | AD31: 0 | AE31: 94 | AG31: 45994 | AH31: 94 | AI31: 45995 | AK31: Rechazado / Emitir en Rev_B | AL31: B | AM31: 96 | AN31: - | AO31: 45995 | AP31: 89 | AQ31: 46014 | AS31: Aprobado / Emitir Rev_0 | AT31: 0 | AU31: 130 | AW31: 46029 | AX31: 124 | AY31: 46050 | BA31: Aprobado / Emitir Rev_1
B32: 29 | C32: N/A | D32: ALL | E32: 6021-M-FB-0001 | F32: N/A | G32: N/A | H32: PLANO CÁNCAMO DE IZAJE | I32: Cerrado | K32: Cerrado | M32: ME-INF | N32: 1 | O32: 79 | P32: 45929 | Q32: 46007 | R32: Aprobado | S32: =IF(R32="Aprobado con comentarios / Emitir en Rev_0", NETWORKDAYS(Q32,TODAY(),Hoja1!$C$3:$C$25),0) -> 0 | T32: =IF(R32="Revisión INN",NETWORKDAYS(P32,TODAY(),Hoja1!$C$3:$C$25),0) -> 0 | U32: =ROUNDUP(((COUNTA(V32:GW32)/4)/2),0) -> 2 | V32: 0 | W32: 11 | Y32: 45904 | Z32: 14 | AA32: 45911 | AB32: =AA32-Y32 -> 7 | AC32: Aprobado | AD32: 1 | AE32: 27 | AF32: =AG32-AA32 -> 18 | AG32: 45929 | AH32: 79 | AI32: 46007 | AK32: Aprobado
B33: 118 | C33: N/A | D33: 3762-SEL-1101 | E33: 6021-CER-QA-0201 | F33: 66OP12044-INN-PRET-ME-CE1420 | G33: N23CC02-PEL01-3762-CERES-00001 | H33: CERTIFICADOS DE ACERO NCH203 SALA ELÉCTRICA 3762-SEL-1101 | M33: QA | N33: 0 | O33: 124 | P33: 46029 | Q33: 46050 | R33: Aprobado / Emitir Rev_1 | S33: =IF(R33="Aprobado / Emitir Rev_1", NETWORKDAYS(Q33,TODAY(),Hoja1!$C$3:$C$25),0) -> 57 | T33: =IF(R33="Revisión INN",NETWORKDAYS(P33,TODAY(),Hoja1!$C$3:$C$25),0) -> 0 | U33: =ROUNDUP(((COUNTA(V33:GW33)/4)/2),0) -> 4 | V33: A | W33: 52 | Y33: 45953 | Z33: 66 | AA33: 45987 | AC33: Aprobado / Emitir en Rev_0 | AD33: 0 | AE33: 94 | AG33: 45994 | AH33: 94 | AI33: 45995 | AK33: Rechazado / Emitir en Rev_B | AL33: B | AM33: 96 | AN33: - | AO33: 45995 | AP33: 89 | AQ33: 46014 | AS33: Aprobado / Emitir Rev_0 | AT33: 0 | AU33: 130 | AW33: 46029 | AX33: 124 | AY33: 46050 | BA33: Aprobado / Emitir Rev_1
B34: 119 | C34: N/A | D34: 3762-SEL-1201 | E34: 6021-CER-QA-0301 | F34: 66OP12044-INN-PRET-ME-CE1620 | G34: N23CC02-PEL01-3762-CERES-00002 | H34: CERTIFICADOS DE ACERO NCH203 SALA ELÉCTRICA 3762-SEL-1201 | M34: QA | N34: 0 | O34: 124 | P34: 46029 | Q34: 46050 | R34: Aprobado / Emitir Rev_1 | S34: =IF(R34="Aprobado / Emitir Rev_1", NETWORKDAYS(Q34,TODAY(),Hoja1!$C$3:$C$25),0) -> 57 | T34: =IF(R34="Revisión INN",NETWORKDAYS(P34,TODAY(),Hoja1!$C$3:$C$25),0) -> 0 | U34: =ROUNDUP(((COUNTA(V34:GW34)/4)/2),0) -> 4 | V34: A | W34: 52 | Y34: 45953 | Z34: 66 | AA34: 45987 | AC34: Aprobado / Emitir en Rev_0 | AD34: 0 | AE34: 94 | AG34: 45994 | AH34: CORREO ALEJANDRA_RECHAZADO_NCH | AI34: 45995 | AK34: Rechazado / Emitir en Rev_B | AL34: B | AM34: 96 | AN34: - | AO34: 45995 | AP34: 89 | AQ34: 46014 | AS34: Aprobado / Emitir Rev_0 | AT34: 0 | AU34: 130 | AW34: 46029 | AX34: 124 | AY34: 46050 | BA34: Aprobado / Emitir Rev_1
B35: 59 | C35: SECUNDARIO | D35: ALL | E35: 6021-PRO-QA-0006 | F35: 66OP12044-INN-PRET-GE-PR0008 | G35: N23CC02-PEL01-0000-PROMD-00003 | H35: PROCEDIMIENTOS DE ENSAYOS NO DESTRUCTIVOS | L35: SEH Debe emitir REV_1 atendiendo comentarios de TTAL 88 en carpeta Respuestas de INN a cliente_REV.A a la 0 | M35: QA | N35: 1 | O35: 152 | P35: 46049 | Q35: 46014 | R35: Revisión INN | S35: =IF(R35="Aprobado con comentarios / Emitir Rev_1", NETWORKDAYS(Q35,TODAY(),Hoja1!$C$3:$C$25),0) -> 0 | T35: =IF(R35="Revisión INN",NETWORKDAYS(P35,TODAY(),Hoja1!$C$3:$C$25),0) -> 58 | U35: =ROUNDUP(((COUNTA(V35:GW35)/4)/2),0) -> 3 | V35: B | W35: 39 | Y35: 45943 | Z35: - | AA35: - | AB35: - | AC35: - | AD35: B | AE35: 54 | AG35: 45954 | AH35: 57 | AI35: 45965 | AK35: Aprobado sin comentarios / Emitir Rev_0 | AL35: 0 | AM35: 76 | AO35: 45979 | AP35: 66 / 88 | AQ35: 27-11-2025 / 23-12-2025 | AS35: Aprobado con comentarios / Emitir Rev_1 | AT35: 1 | AU35: 152 | AW35: 46049
B36: 39 | C36: PRINCIPAL PLATAFORMAS | D36: 5335-SEL-0001 | E36: 6021-PLA-ME-0501 | F36: 66OP12044-INN-PRET-ME-PL0878 | G36: N/A | H36: PLANO DE DISPOSICIÓN Y DETALLES DE PLATAFORMAS, BARANDAS Y ESCALERAS SALA ELÉCTRICA 5335-SEL-0001 (LAYOUT DISPOSICIÓN PLATAFORMAS) | I36: =Q36+5 -> 46102 | J36: 2 | K36: - | M36: ME | N36: B | O36: 152 | P36: 46086 | Q36: 46097 | R36: Aprobado / Emitir Rev_0 | S36: =IF(R36="Aprobado / Emitir Rev_0", NETWORKDAYS(Q36,TODAY(),Hoja1!$C$3:$C$25),0) -> 24 | T36: =IF(R36="Revisión INN",NETWORKDAYS(P36,TODAY(),Hoja1!$C$3:$C$25),0) -> 0 | U36: =ROUNDUP(((COUNTA(V36:GW36)/4)/2),0) -> 2 | V36: A | W36: 72 | Y36: 45974 | Z36: 67 | AA36: 45988 | AC36: Aprobado con comentarios / Emitir Rev_B | AD36: B | AE36: 212 | AG36: 46086 | AH36: 152 | AI36: 46097 | AK36: Aprobado / Emitir Rev_0
B37: 34 | C37: PRINCIPAL PLATAFORMAS | D37: 3713-SEL-1001 | E37: 6021-MDC-ME-0102 | F37: 66OP12044-INN-PRET-ME-MC0217 | G37: N23CC02-PEL01-3713-MDCES-00002 | H37: MEMORIA DE CÁLCULO SÍSMICO ESTRUCTURAL PLATAFORMAS SALA ELÉCTRICA 3713-SEL-1001 | K37: =P37+5 -> 46069 | M37: ME | N37: 0 | O37: 153 | P37: 46064 | Q37: 45988 | R37: Aprobado | S37: =IF(R37="Aprobado con comentarios / Emitir Rev_0", NETWORKDAYS(Q37,TODAY(),Hoja1!$C$3:$C$25),0) -> 0 | T37: =IF(R37="Revisión INN",NETWORKDAYS(P37,TODAY(),Hoja1!$C$3:$C$25),0) -> 0 | U37: =ROUNDUP(((COUNTA(V37:GW37)/4)/2),0) -> 3 | V37: A | W37: 47 | Y37: 45950 | Z37: 51 | AA37: 45959 | AB37: =AA37-Y37 -> 9 | AC37: Aprobado con comentarios / Emitir en Rev_B | AD37: B | AE37: 61 | AF37: =AG37-AA37 -> 0 | AG37: 45959 | AH37: 67 | AI37: 45988 | AK37: Aprobado con comentarios / Emitir Rev_0 | AL37: 0 | AM37: 170 | AO37: 46064 | AP37: 153 | AQ37: 46097 | AS37: Aprobado
B38: 35 | C38: PRINCIPAL PLATAFORMAS | D38: 3713-SEL-1001 | E38: 6021-PLA-ME-0107 | F38: 66OP12044-INN-PRET-ME-PL0295 | G38: N/A | H38: PLANO DE DISPOSICIÓN Y DETALLES DE PLATAFORMAS, BARANDAS Y ESCALERAS SALA ELÉCTRICA 3713-SEL-1001 (LAYOUT DISPOSICIÓN PLATAFORMAS) | I38: =Q38+5 -> 46123 | J38: 2 | K38: - | M38: ME | N38: 0 | O38: 175 | P38: 46100 | Q38: 46118 | R38: Aprobado | S38: =IF(R38="Aprobado / emitir Rev_0", NETWORKDAYS(Q38,TODAY(),Hoja1!$C$3:$C$25),0) -> 0 | T38: =IF(R38="Revisión INN",NETWORKDAYS(P38,TODAY(),Hoja1!$C$3:$C$25),0) -> 0 | U38: =ROUNDUP(((COUNTA(V38:GW38)/4)/2),0) -> 3 | V38: A | W38: 72 | Y38: 45974 | Z38: 67 | AA38: 45988 | AB38: =AA38-Y38 -> 14 | AC38: Aprobado con comentarios / Emitir Rev_B | AD38: B | AE38: 190 | AG38: 46076 | AH38: 146 | AI38: 46091 | AK38: Aprobado / emitir Rev_0 | AL38: 0 | AM38: 231 | AO38: 46100 | AP38: 175 | AQ38: 46118 | AS38: Aprobado
B39: 46 | C39: N/A | D39: ALL | E39: 6021-MNL-ME-0002 | F39: 66OP12044-INN-PRET-ME-MA0017 | G39: N23CC02-PEL01-0000-MNLME-00001 | H39: MANUAL DE INSTALACIÓN SALAS ELÉCTRICAS | I39: =Q39+5 -> 46046 | J39: 3 | K39: - | M39: ME | N39: B | O39: 173 | P39: 46065 | Q39: 46041 | R39: Revisión INN | S39: =IF(R39="Aprobado con comentarios / Emitir Rev_B", NETWORKDAYS(Q39,TODAY(),Hoja1!$C$3:$C$25),0) -> 0 | T39: =IF(R39="Revisión INN",NETWORKDAYS(P39,TODAY(),Hoja1!$C$3:$C$25),0) -> 46 | U39: =ROUNDUP(((COUNTA(V39:GW39)/4)/2),0) -> 2 | V39: A | W39: 107 | Y39: 46006 | Z39: 111 | AA39: 46041 | AC39: Aprobado con comentarios / Emitir Rev_B | AD39: B | AE39: 174 | AG39: 46065
B40: 38 | C40: N/A | D40: ALL | E40: 6021-PRO-ME-0001 | F40: 66OP12044-INN-PRET-GE-PR0187 | G40: N/A | H40: PROCEDIMIENTO DE TRANSPORTE TERRESTRE SALA ELÉCTRICA | I40: =Q40+5 -> 46130 | J40: 3 | K40: - | M40: ME | N40: 0 | O40: 185 | P40: 46065 | Q40: 46125 | R40: Aprobado | S40: =IF(R40="Aprobado / Emitir Rev_0", NETWORKDAYS(Q40,TODAY(),Hoja1!$C$3:$C$25),0) -> 0 | T40: =IF(R40="Revisión INN",NETWORKDAYS(P40,TODAY(),Hoja1!$C$3:$C$25),0) -> 0 | U40: =ROUNDUP(((COUNTA(V40:GW40)/4)/2),0) -> 2 | V40: B | W40: 103 | Y40: 46002 | Z40: 111 | AA40: 46041 | AC40: Aprobado / Emitir Rev_0 | AD40: 0 | AE40: 173 | AG40: 46065 | AH40: 185 | AI40: 46125 | AK40: Aprobado
B41: 45 | C41: PRINCIPAL PLATAFORMAS | D41: 5432-SEL-0001 | E41: 6021-PLA-ME-0701 | F41: 66OP12044-INN-PRET-ME-PL1284 | G41: N/A | H41: PLANO DE DISPOSICIÓN Y DETALLES DE PLATAFORMAS, BARANDAS Y ESCALERAS SALA ELÉCTRICA 5432-SEL-0001 (LAYOUT DISPOSICIÓN PLATAFORMAS) | I41: =Q41+5 -> 46116 | J41: 2 | K41: - | M41: ME | N41: 1_RL1 | O41: 168 | P41: 46086 | Q41: 46111 | R41: Aprobado con comentarios / Emitir Rev_2 | S41: =IF(R41="Aprobado con comentarios / Emitir Rev_2", NETWORKDAYS(Q41,TODAY(),Hoja1!$C$3:$C$25),0) -> 14 | T41: =IF(R41="Revisión INN",NETWORKDAYS(P41,TODAY(),Hoja1!$C$3:$C$25),0) -> 0 | U41: =ROUNDUP(((COUNTA(V41:GW41)/4)/2),0) -> 4 | V41: A | W41: 72 | Y41: 45974 | Z41: 67 | AA41: 45988 | AC41: Aprobado con comentarios / Emitir Rev_B | AD41: B | AE41: 150 | AG41: 46048 | AH41: 129 | AI41: 46055 | AK41: Aprobado con comentarios / Emitir en Rev_0 | AL41: 0 | AM41: 163 | AO41: 46056 | AP41: 131 | AQ41: 46057 | AS41: Aprobado con comentarios / Emitir Rev_1 | AT41: 1 | AU41: 192 | AW41: 46077 | AX41: - | AY41: - | BA41: - | BB41: 1_RL1 | BC41: 210 | BE41: 46086 | BF41: 168 | BG41: 46111 | BI41: Aprobado con comentarios / Emitir Rev_2
B42: 60 | C42: PRINCIPAL PLATAFORMAS | D42: 3762-SEL-1101 | E42: 6021-PLA-ME-0207 | F42: 66OP12044-INN-PRET-ME-PL1512 | G42: N/A | H42: PLANO DE DISPOSICIÓN Y DETALLES DE PLATAFORMAS, BARANDAS Y ESCALERAS SALA ELÉCTRICA 3762-SEL-1101 | J42: 2 | K42: =P42+5 -> 46057 | M42: ME | N42: B | O42: 168 | P42: 46052 | Q42: 46111 | R42: Aprobado con comentarios / Emitir Rev_0 | S42: =IF(R42="Aprobado con comentarios / Emitir Rev_0", NETWORKDAYS(Q42,TODAY(),Hoja1!$C$3:$C$25),0) -> 14 | T42: =IF(R42="Revisión INN",NETWORKDAYS(P42,TODAY(),Hoja1!$C$3:$C$25),0) -> 0 | U42: =ROUNDUP(((COUNTA(V42:GW42)/4)/2),0) -> 2 | V42: A | W42: 93 | Y42: 45994 | Z42: 96 | AA42: 46027 | AC42: Aprobado / Emitir Rev_B | AD42: B | AE42: 160 | AG42: 46052 | AH42: 168 | AI42: 46111 | AK42: Aprobado con comentarios / Emitir en Rev_0
B43: 65 | C43: PRINCIPAL PLATAFORMAS | D43: 3762-SEL-1201 | E43: 6021-PLA-ME-0307 | F43: 66OP12044-INN-PRET-ME-PL1712 | G43: N/A | H43: PLANO DE DISPOSICIÓN Y DETALLES DE PLATAFORMAS, BARANDAS Y ESCALERAS SALA ELÉCTRICA 3762-SEL-1201 | I43: =Q43+5 -> 46116 | J43: 2 | K43: - | M43: ME | N43: B | O43: 168 | P43: 46080 | Q43: 46111 | R43: Aprobado con comentarios / Emitir Rev_0 | S43: =IF(R43="Aprobado con comentarios / Emitir Rev_0", NETWORKDAYS(Q43,TODAY(),Hoja1!$C$3:$C$25),0) -> 14 | T43: =IF(R43="Revisión INN",NETWORKDAYS(P43,TODAY(),Hoja1!$C$3:$C$25),0) -> 0 | U43: =ROUNDUP(((COUNTA(V43:GW43)/4)/2),0) -> 2 | V43: A | W43: 101 | Y43: 46000 | Z43: 96 | AA43: 46027 | AC43: Aprobado / Emitir Rev_B | AD43: B | AE43: 201 | AG43: 46080 | AH43: 168 | AI43: 46111 | AK43: Aprobado con comentarios / Emitir en Rev_0
B44: 41 | C44: PRINCIPAL PLATAFORMAS | D44: 5421-SEL-1001 | E44: 6021-PLA-ME-0601 | F44: 66OP12044-INN-PRET-ME-PL1095 | G44: N/A | H44: PLANO DE DISPOSICIÓN Y DETALLES DE PLATAFORMAS, BARANDAS Y ESCALERAS SALA ELÉCTRICA 5421-SEL-1001 (LAYOUT DISPOSICIÓN PLATAFORMAS) | J44: 2 | K44: =P44+5 -> 46104 | M44: ME | N44: 0_RL1 | O44: 175 | P44: 46099 | Q44: 46118 | R44: Aprobado | S44: =IF(R44="Aprobado con comentarios / Emitir Rev_B", NETWORKDAYS(Q44,TODAY(),Hoja1!$C$3:$C$25),0) -> 0 | T44: =IF(R44="Revisión INN",NETWORKDAYS(P44,TODAY(),Hoja1!$C$3:$C$25),0) -> 0 | U44: =ROUNDUP(((COUNTA(V44:GW44)/4)/2),0) -> 4 | V44: A | W44: 72 | Y44: 45974 | Z44: 67 | AA44: 45988 | AC44: Aprobado con comentarios / Emitir Rev_B | AD44: B | AE44: 160 | AG44: 46052 | AH44: - | AI44: - | AK44: - | AL44: B_RL1 | AM44: 206 | AO44: 46085 | AP44: 148 | AQ44: 46091 | AS44: APROBADO | AT44: 0 | AU44: 220 | AW44: 46093 | AX44: 168 | AY44: 46111 | BA44: Aprobado con comentarios / Emitir Rev_0_RL1 | BB44: 0_RL1 | BC44: 227 | BE44: 46099 | BF44: 175 | BG44: 46118 | BI44: Aprobado
B45: 42 | C45: PRINCIPAL PLATAFORMAS | D45: 5421-SEL-1001 | E45: 6021-MDC-ME-0601 | F45: 66OP12044-INN-PRET-ME-MC1017 | G45: N23CC02-PEL01-5421-MDCES-00002 | H45: MEMORIA DE CÁLCULO SÍSMICO ESTRUCTURAL PLATAFORMAS SALA ELÉCTRICA 5421-SEL-1001 | K45: =P45+5 -> 46057 | M45: ME | N45: 0 | O45: 153 | P45: 46052 | Q45: 45988 | R45: Aprobado | S45: =IF(R45="Aprobado con comentarios / Emitir Rev_0", NETWORKDAYS(Q45,TODAY(),Hoja1!$C$3:$C$25),0) -> 0 | T45: =IF(R45="Revisión INN",NETWORKDAYS(P45,TODAY(),Hoja1!$C$3:$C$25),0) -> 0 | U45: =ROUNDUP(((COUNTA(V45:GW45)/4)/2),0) -> 3 | V45: A | W45: 55 | Y45: 45954 | Z45: 51 | AA45: 45959 | AB45: =AA45-Y45 -> 5 | AC45: Aprobado con comentarios / Emitir en Rev_B | AD45: B | AE45: 61 | AF45: =AG45-AA45 -> 0 | AG45: 45959 | AH45: 67 | AI45: 45988 | AK45: Aprobado con comentarios / Emitir Rev_0 | AL45: 0 | AM45: 160 | AO45: 46052 | AP45: 153 | AQ45: 46097 | AS45: Aprobado
B46: 30 | C46: N/A | D46: ALL | E46: 6021-PRO-QA-0002 | F46: 66OP12044-INN-PRET-ME-ET0154 | G46: N23CC02-PEL01-0000-ESPME-00002 | H46: ESPECIFICACIONES DEL PROCEDIMIENTO DE SOLDADURA (WPS) | I46: Cerrado | K46: Cerrado | L46: INN DEBE ABRIR CICLO PARA REMITIR // DOCUMENTO CERRADO /// EX PROCEDIMIENTO DE SOLDADURA SALAS ELÉCTRICAS // EX N23CC02-PEL01-0000-PROMD-00002 / 66OP12044-INN-PRET-GE-PR0006 | M46: QA | N46: 1 | O46: 174 | P46: 46085 | Q46: 46118 | R46: Rechazado / Reemitir Rev_1 | S46: =IF(R46="Rechazado / Reemitir Rev_1", NETWORKDAYS(Q46,TODAY(),Hoja1!$C$3:$C$25),0) -> 10 | T46: =IF(R46="Revisión INN",NETWORKDAYS(P46,TODAY(),Hoja1!$C$3:$C$25),0) -> 0 | U46: =ROUNDUP(((COUNTA(V46:GW46)/4)/2),0) -> 3 | V46: B | W46: 16 | Y46: 45911 | Z46: 57 | AA46: 45965 | AB46: 36 | AC46: Aprobado sin comentarios / Emitir Rev_0 | AD46: 0 | AE46: 76 | AG46: 45979 | AH46: 119 | AI46: 46048 | AK46: Aprobado | AL46: 1 | AM46: 205 | AO46: 46085 | AP46: 174 | AQ46: 46118 | AS46: Rechazado / Reemitir Rev_1
B47: 97 | C47: SECUNDARIO | D47: 3713-SEL-1001 | E47: 6021-PLA-ME-0106 | F47: 66OP12044-INN-PRET-ME-PL0287 | G47: N23CC02-PEL01-3713-300ME-00003 | H47: PLANO DE DETALLE ESTRUCTURAL TECHOS SALA ELÉCTRICA 3713-SEL-1001 | K47: =P47+5 -> 46123 | M47: ME | N47: 1_RL5 | O47: 177 | P47: 46118 | Q47: 46119 | R47: Aprobado / Emitir Rev_2 | S47: =IF(R47="Aprobado / Emitir Rev_2", NETWORKDAYS(Q47,TODAY(),Hoja1!$C$3:$C$25),0) -> 9 | T47: =IF(R47="Revisión INN",NETWORKDAYS(P47,TODAY(),Hoja1!$C$3:$C$25),0) -> 0 | U47: =ROUNDUP(((COUNTA(V47:GW47)/4)/2),0) -> 8 | V47: A | W47: 27 | Y47: 45929 | Z47: 28 | AA47: 45931 | AB47: =AA47-Y47 -> 2 | AC47: Aprobado con comentarios / Emitir en Rev_B | AD47: B | AE47: 32 | AF47: =AG47-AA47 -> 1 | AG47: 45932 | AH47: 47 | AI47: 45952 | AK47: Aprobado con comentarios / Emitir en Rev_0 | AL47: 0 | AM47: 63 | AO47: 45960 | AP47: 58 | AQ47: 45966 | AR47: =AQ47-AO47 -> 6 | AS47: Aprobado | AT47: 0_RL1 | AU47: 93 | AW47: 45994 | AX47: 78 | AY47: 46007 | BA47: Aprobado | BB47: 1 | BC47: 124 | BE47: 46022 | BJ47: 1_RL1 | BK47: 151 | BM47: 46048 | BN47: 'No ha sido devuelta por INN | BO47: 'No ha sido devuelta por INN | BP47: 'No ha sido devuelta por INN | BQ47: 'No ha sido devuelta por INN | BR47: 1_RL2 | BS47: 176 | BU47: 46069 | BV47: - | BW47: - | BY47: - | BZ47: 1_RL3 | CA47: 223 | CC47: 46098 | CD47: - | CE47: - | CG47: - | CH47: 1_RL4 | CI47: 244 | CK47: 46107 | CL47: - | CM47: - | CN47: - | CO47: - | CP47: 1_RL5 | CQ47: 254 | CS47: 46118 | CT47: 177 | CU47: 46119 | CW47: Aprobado / Emitir Rev_2
B48: 106 | C48: SECUNDARIO | D48: 3762-SEL-1101 | E48: 6021-PLA-ME-0206 | F48: 66OP12044-INN-PRET-ME-PL1504 | G48: N23CC02-PEL01-3762-300ME-00003 | H48: PLANO DE DETALLE ESTRUCTURAL TECHOS SALA ELÉCTRICA 3762-SEL-1101 | K48: =P48+5 -> 46112 | M48: ME | N48: 1_RL4 | O48: 177 | P48: 46107 | Q48: 46119 | R48: Aprobado / Emitir Rev_2 | S48: =IF(R48="Aprobado / Emitir Rev_2", NETWORKDAYS(Q48,TODAY(),Hoja1!$C$3:$C$25),0) -> 9 | T48: =IF(R48="Revisión INN",NETWORKDAYS(P48,TODAY(),Hoja1!$C$3:$C$25),0) -> 0 | U48: =ROUNDUP(((COUNTA(V48:GW48)/4)/2),0) -> 7 | V48: A | W48: 27 | Y48: 45929 | Z48: 28 | AA48: 45931 | AB48: =AA48-Y48 -> 2 | AC48: Aprobado con comentarios / Emitir en Rev_B | AD48: B | AE48: 32 | AF48: =AG48-AA48 -> 1 | AG48: 45932 | AH48: 47 | AI48: 45952 | AK48: Aprobado con comentarios / Emitir en Rev_0 | AL48: 0 | AM48: 63 | AO48: 45960 | AP48: 58 | AQ48: 45966 | AR48: =AQ48-AO48 -> 6 | AS48: Aprobado | AT48: 0_RL1 | AU48: 93 | AW48: 45994 | AX48: 78 | AY48: 46007 | BA48: Aprobado | BB48: 1 | BC48: 124 | BE48: 46022 | BJ48: 1_RL1 | BK48: 151 | BM48: 46048 | BN48: 'No ha sido devuelta por INN | BO48: 'No ha sido devuelta por INN | BP48: 'No ha sido devuelta por INN | BQ48: 'No ha sido devuelta por INN | BR48: 1_RL2 | BS48: 176 | BU48: 46069 | BV48: - | BW48: - | BY48: - | BZ48: 1_RL3 | CA48: 223 | CC48: 46098 | CD48: - | CE48: - | CG48: - | CH48: 1_RL4 | CI48: 245 | CK48: 46107 | CL48: 177 | CM48: 46119 | CO48: Aprobado / Emitir Rev_2
B49: 117 | C49: PRINCIPAL MARCO DE IZAJE | D49: ALL | E49: 6021-MDC-ME-0001 | F49: 66OP12044-INN-PRET-ME-MC0020 | G49: N23CC02-PEL01-0000-MDCME-00001 | H49: MEMORIA DE CÁLCULO ESTRUCTURAL MARCO DE IZAJE SALA ELÉCTRICA 3713-SEL-1001 / 3762-SEL-1101 / 3762-SEL-1201 | I49: =Q49+5 -> 46040 | K49: - | M49: ME | N49: 0 | O49: 195 | P49: 46079 | Q49: 46035 | R49: Revisión INN | S49: =IF(R49="Rechazada / Reemitir Rev_0", NETWORKDAYS(Q49,TODAY(),Hoja1!$C$3:$C$25),0) -> 0 | T49: =IF(R49="Revisión INN",NETWORKDAYS(P49,TODAY(),Hoja1!$C$3:$C$25),0) -> 36 | V49: B | W49: 66 | Y49: 45968 | Z49: 60 | AA49: 45972 | AC49: Aprobado con comentarios / Reemitir Rev_B | AD49: B | AE49: 68 | AG49: 45972 | AH49: 71 | AI49: 45992 | AK49: Aprobado con comentarios / Emitir Rev_0 | AL49: - | AM49: - | AN49: - | AO49: - | AP49: 77 | AQ49: 46006 | AS49: Aprobado con comentarios / Emitir Rev_0 | AT49: 0 | AU49: 119 | AW49: 46020 | AX49: 105 | AY49: 46035 | BA49: Rechazada / Reemitir Rev_0 | BB49: 0 | BC49: 195 | BE49: 46079
B50: 47 | C50: PRINCIPAL PLATAFORMAS | D50: 5432-SEL-0001 | E50: 6021-MDC-ME-0701 | F50: 66OP12044-INN-PRET-ME-MC1217 | G50: N23CC02-PEL01-5432-MDCES-00002 | H50: MEMORIA DE CÁLCULO SÍSMICO ESTRUCTURAL PLATAFORMAS SALA ELÉCTRICA 5432-SEL-0001 | K50: =P50+5 -> 46053 | M50: ME | N50: 0 | O50: 153 | P50: 46048 | Q50: 45988 | R50: Aprobado | S50: =IF(R50="Aprobado con comentarios / Emitir Rev_0", NETWORKDAYS(Q50,TODAY(),Hoja1!$C$3:$C$25),0) -> 0 | T50: =IF(R50="Revisión INN",NETWORKDAYS(P50,TODAY(),Hoja1!$C$3:$C$25),0) -> 0 | U50: =ROUNDUP(((COUNTA(V50:GW50)/4)/2),0) -> 3 | V50: A | W50: 55 | Y50: 45954 | Z50: 51 | AA50: 45959 | AB50: =AA50-Y50 -> 5 | AC50: Aprobado con comentarios / Emitir en Rev_B | AD50: B | AE50: 61 | AF50: =AG50-AA50 -> 0 | AG50: 45959 | AH50: 67 | AI50: 45988 | AK50: Aprobado con comentarios / Emitir Rev_0 | AL50: 0 | AM50: 150 | AO50: 46048 | AP50: 153 | AQ50: 46097 | AS50: Aprobado
B51: 48 | C51: N/A | D51: 3713-SEL-1001 | E51: 6021-CER-ME-0101 | F51: 66OP12044-INN-PRET-ME-CE0291 | G51: N/A | H51: CERTIFICADO DE INDIVISIBILIDAD SALA ELÉCTRICA 3713-SEL-1001 | J51: 3 | K51: =P51+5 -> 46116 | L51: - | M51: ME | N51: 1 | O51: 184 | P51: 46111 | Q51: 46122 | R51: Aprobado | S51: =IF(R51="Aprobado con comentarios / Emitir Rev_1", NETWORKDAYS(Q51,TODAY(),Hoja1!$C$3:$C$25),0) -> 0 | T51: =IF(R51="Revisión INN",NETWORKDAYS(P51,TODAY(),Hoja1!$C$3:$C$25),0) -> 0 | U51: =ROUNDUP(((COUNTA(V51:GW51)/4)/2),0) -> 3 | V51: B | W51: 98 | Y51: 45995 | Z51: 75 | AA51: 46002 | AC51: Aprobado con comentarios / Emitir Rev_0 | AD51: 0 | AE51: 108 | AG51: 46007 | AH51: 156 | AI51: 46098 | AK51: Aprobado con comentarios / Emitir Rev_1 | AL51: 1 | AM51: 248 | AO51: 46111 | AP51: 184 | AQ51: 46122 | AS51: Aprobado
B52: 49 | C52: PRINCIPAL | D52: ALL | E52: 6021-PLA-ME-0002 | F52: 66OP12044-INN-PRET-ME-PL0184 | G52: - | H52: PLANO VANO PUERTA ACCESO EQUIPOS SALA ELÉCTRICA | I52: Cerrado | K52: Cerrado | M52: ME | N52: 0 | O52: 47 | P52: 45940 | Q52: 45952 | R52: Aprobado | S52: =IF(R52="Aprobado.", NETWORKDAYS(Q52,TODAY(),Hoja1!$C$3:$C$25),0) -> 0 | T52: =IF(R52="Revisión INN",NETWORKDAYS(P52,TODAY(),Hoja1!$C$3:$C$25),0) -> 0 | U52: =ROUNDUP(((COUNTA(V52:GW52)/4)/2),0) -> 2 | V52: B | W52: 32 | Y52: 45932 | Z52: 34 | AA52: 45938 | AC52: Aprobado con comentarios / Emitir en Rev_0 | AD52: 0 | AE52: 38 | AF52: =AG52-AA52 -> 2 | AG52: 45940 | AH52: 47 | AI52: 45952 | AJ52: =AI52-AG52 -> 12 | AK52: Aprobado
B53: 50 | C53: PRINCIPAL | D53: ALL | E53: 6021-PLA-ME-0003 | F53: 66OP12044-INN-PRET-ME-PL0185 | G53: - | H53: PLANO VANO PUERTA ACCESO PERSONAS SALA ELÉCTRICA | I53: Cerrado | K53: Cerrado | M53: ME | N53: 0 | O53: 47 | P53: 45940 | Q53: 45952 | R53: Aprobado | S53: =IF(R53="Aprobado.", NETWORKDAYS(Q53,TODAY(),Hoja1!$C$3:$C$25),0) -> 0 | T53: =IF(R53="Revisión INN",NETWORKDAYS(P53,TODAY(),Hoja1!$C$3:$C$25),0) -> 0 | U53: =ROUNDUP(((COUNTA(V53:GW53)/4)/2),0) -> 2 | V53: B | W53: 32 | Y53: 45932 | Z53: 34 | AA53: 45938 | AC53: Aprobado con comentarios / Emitir en Rev_0 | AD53: 0 | AE53: 38 | AF53: =AG53-AA53 -> 2 | AG53: 45940 | AH53: 47 | AI53: 45952 | AJ53: =AI53-AG53 -> 12 | AK53: Aprobado
B54: 51 | C54: PRINCIPAL | D54: ALL | E54: 6021-PLA-ME-0004 | F54: 66OP12044-INN-PRET-ME-PL0186 | G54: - | H54: PLANO VANO PUERTA INTERIOR ACCESO PERSONAS SALA ELÉCTRICA | I54: Cerrado | K54: Cerrado | M54: ME | N54: 0 | O54: 47 | P54: 45940 | Q54: 45952 | R54: Aprobado | S54: =IF(R54="Aprobado.", NETWORKDAYS(Q54,TODAY(),Hoja1!$C$3:$C$25),0) -> 0 | T54: =IF(R54="Revisión INN",NETWORKDAYS(P54,TODAY(),Hoja1!$C$3:$C$25),0) -> 0 | U54: =ROUNDUP(((COUNTA(V54:GW54)/4)/2),0) -> 2 | V54: B | W54: 32 | Y54: 45932 | Z54: 34 | AA54: 45938 | AC54: Aprobado con comentarios / Emitir en Rev_0 | AD54: 0 | AE54: 38 | AF54: =AG54-AA54 -> 2 | AG54: 45940 | AH54: 47 | AI54: 45952 | AJ54: =AI54-AG54 -> 12 | AK54: Aprobado
B55: 52 | C55: N/A | D55: ALL | E55: OT-6021-IAS-CP-0011 | F55: N/A | G55: N/A | H55: INFORME DE AVANCE SEMANAL Nº11 | I55: N/A | M55: CP | N55: 0 | O55: 64 | P55: 45966 | Q55: - | R55: Entregado | S55: =IF(R55="Aprobado con comentarios / Emitir en Rev_0", NETWORKDAYS(Q55,TODAY(),Hoja1!$C$3:$C$25),0) -> 0 | T55: =IF(R55="Revisión INN",NETWORKDAYS(P55,TODAY(),Hoja1!$C$3:$C$25),0) -> 0 | U55: =ROUNDUP(((COUNTA(V55:GW55)/4)/2),0) -> 1 | V55: 0 | W55: 64 | Y55: 45966
B56: 53 | C56: N/A | D56: 3762-SEL-1101 | E56: 6021-CER-ME-0201 | F56: 66OP12044-INN-PRET-ME-CE1508 | G56: N/A | H56: CERTIFICADO DE INDIVISIBILIDAD SALA ELÉCTRICA 3762-SEL-1101 | J56: 3 | K56: =P56+5 -> 46116 | L56: - | M56: ME | N56: 1 | O56: 184 | P56: 46111 | Q56: 46122 | R56: Aprobado | S56: =IF(R56="Aprobado con comentarios / Emitir Rev_1", NETWORKDAYS(Q56,TODAY(),Hoja1!$C$3:$C$25),0) -> 0 | T56: =IF(R56="Revisión INN",NETWORKDAYS(P56,TODAY(),Hoja1!$C$3:$C$25),0) -> 0 | U56: =ROUNDUP(((COUNTA(V56:GW56)/4)/2),0) -> 3 | V56: B | W56: 98 | Y56: 45995 | Z56: 75 | AA56: 46002 | AC56: Aprobado con comentarios / Emitir Rev_0 | AD56: 0 | AE56: 108 | AG56: 46007 | AH56: 156 | AI56: 46098 | AK56: Aprobado con comentarios / Emitir Rev_1 | AL56: 1 | AM56: 248 | AO56: 46111 | AP56: 184 | AQ56: 46122 | AS56: Aprobado
B57: 54 | C57: N/A | D57: ALL | E57: OT-6021-IAS-CP-0012 | F57: N/A | G57: N/A | H57: INFORME DE AVANCE SEMANAL Nº12 AL 11-11-2025 | I57: N/A | M57: CP | N57: 0 | O57: 70 | P57: 45972 | Q57: - | R57: Entregado | S57: =IF(R57="Aprobado con comentarios / Emitir en Rev_0", NETWORKDAYS(Q57,TODAY(),Hoja1!$C$3:$C$25),0) -> 0 | T57: =IF(R57="Revisión INN",NETWORKDAYS(P57,TODAY(),Hoja1!$C$3:$C$25),0) -> 0 | U57: =ROUNDUP(((COUNTA(V57:GW57)/4)/2),0) -> 1 | V57: 0 | W57: 70 | Y57: 45972
B58: 55 | C58: N/A | D58: 3762-SEL-1201 | E58: 6021-CER-ME-0301 | F58: 66OP12044-INN-PRET-ME-CE1708 | G58: N/A | H58: CERTIFICADO DE INDIVISIBILIDAD SALA ELÉCTRICA 3762-SEL-1202 | J58: 3 | K58: =P58+5 -> 46116 | L58: - | M58: ME | N58: 1 | O58: 184 | P58: 46111 | Q58: 46122 | R58: Aprobado | S58: =IF(R58="Aprobado con comentarios / Emitir Rev_1", NETWORKDAYS(Q58,TODAY(),Hoja1!$C$3:$C$25),0) -> 0 | T58: =IF(R58="Revisión INN",NETWORKDAYS(P58,TODAY(),Hoja1!$C$3:$C$25),0) -> 0 | U58: =ROUNDUP(((COUNTA(V58:GW58)/4)/2),0) -> 3 | V58: B | W58: 98 | Y58: 45995 | Z58: 75 | AA58: 46002 | AC58: Aprobado con comentarios / Emitir Rev_0 | AD58: 0 | AE58: 108 | AG58: 46007 | AH58: 156 | AI58: 46098 | AK58: Aprobado con comentarios / Emitir Rev_1 | AL58: 1 | AM58: 248 | AO58: 46111 | AP58: 184 | AQ58: 46122 | AS58: Aprobado
B59: 56 | C59: N/A | D59: ALL | E59: 6021-M-FB-0002 | F59: N/A | G59: N/A | H59: PLANO PAD GROUND | I59: Cerrado | K59: Cerrado | M59: ME-INF | N59: 1 | O59: 28 | P59: 45923 | Q59: 45931 | R59: Aprobado | S59: =IF(R59="Aprobado con comentarios / Emitir en Rev_0", NETWORKDAYS(Q59,TODAY(),Hoja1!$C$3:$C$25),0) -> 0 | T59: =IF(R59="Revisión INN",NETWORKDAYS(P59,TODAY(),Hoja1!$C$3:$C$25),0) -> 0 | U59: =ROUNDUP(((COUNTA(V59:GW59)/4)/2),0) -> 2 | V59: 0 | W59: 11 | Y59: 45904 | Z59: 14 | AA59: 45911 | AB59: =AA59-Y59 -> 7 | AC59: Aprobado | AD59: 1 | AE59: 22 | AF59: =AG59-AA59 -> 12 | AG59: 45923 | AH59: 28 | AI59: 45931 | AJ59: =AI59-AG59 -> 8 | AK59: Aprobado
B60: 57 | C60: PRINCIPAL PLATAFORMAS | D60: 5310-SEL-0101 | E60: 6021-PLA-ME-0401 | F60: 66OP12044-INN-PRET-ME-PL0676 | G60: N/A | H60: PLANO DE DISPOSICIÓN Y DETALLES DE PLATAFORMAS, BARANDAS Y ESCALERAS SALA ELÉCTRICA 5310-SEL-0101 | I60: =Q60+5 -> 46123 | J60: 2 | K60: - | M60: ME | N60: 1_RL2 | O60: 175 | P60: 46098 | Q60: 46118 | R60: Aprobado | S60: =IF(R60="Aprobado / Emitir Rev_2", NETWORKDAYS(Q60,TODAY(),Hoja1!$C$3:$C$25),0) -> 0 | T60: =IF(R60="Revisión INN",NETWORKDAYS(P60,TODAY(),Hoja1!$C$3:$C$25),0) -> 0 | U60: =ROUNDUP(((COUNTA(V60:GW60)/4)/2),0) -> 5 | V60: A | W60: 88 | Y60: 45989 | Z60: 78 | AA60: 46007 | AC60: Rechazado / Emitir Rev_B | AD60: B | AE60: 143 | AG60: 46042 | AH60: 129 | AI60: 46055 | AK60: Aprobado con comentarios / Emitir en Rev_0 | AL60: 0 | AM60: 163 | AO60: 46056 | AP60: 131 | AQ60: 46057 | AS60: Aprobado con comentarios / Emitir Rev_1 | AT60: 1 | AU60: 184 | AW60: 46072 | AX60: - | AY60: - | BA60: - | BB60: 1_RL1 | BC60: 193 | BE60: 46077 | BF60: 148 | BG60: 46091 | BI60: APROBADO | BJ60: 1_RL2 | BK60: 224 | BM60: 46098 | BN60: 175 | BO60: 46118 | BQ60: Aprobado
B61: 58 | C61: N/A | D61: ALL | E61: 6021-CER-QA-0001 | F61: 66OP12044-INN-PRET-GC-CE0168 | G61: N23CC02-PEL01-0000-CERCL-00004 | H61: CERTIFICADO RESISTENCIA AL FUEGO | I61: =Q61+4 -> 46115 | L61: Igualar revisiones a INN // Revisiones INN no coinciden con SEH - ALERTAR // Cód ant 66OP12044-INN-PRET-ME-CE0190 | M61: QA | N61: 3 | O61: 166 | P61: 46069 | Q61: 46111 | R61: Aprobado | S61: =IF(R61="Aprobado con comentarios / Emitir Rev_3", NETWORKDAYS(Q61,TODAY(),Hoja1!$C$3:$C$25),0) -> 0 | T61: =IF(R61="Revisión INN",NETWORKDAYS(P61,TODAY(),Hoja1!$C$3:$C$25),0) -> 0 | U61: =ROUNDUP(((COUNTA(V61:GW61)/4)/2),0) -> 4 | V61: B | W61: 26 | Y61: 45926 | Z61: 85 | AA61: 46014 | AC61: Aprobado con comentarios / Emitir Rev_0 | AD61: 0 | AE61: 162 | AG61: 46055 | AH61: 69 | AI61: 45992 | AK61: Aprobado con comentarios / Emitir Rev_1 | AL61: 1 | AM61: 162 | AO61: 46055 | AP61: 133 | AQ61: 46063 | AS61: Comentado / Regularizar Revisiones hasta llegar a la REV_3 | AT61: 2 | AU61: 168 | AW61: 46064 | AX61: 134 | AY61: 46065 | BA61: Aprobado con comentarios / Emitir Rev_3 | BB61: 3 | BC61: 175 | BE61: 46069 | BF61: 166 | BG61: 46111 | BI61: Aprobado
B62: 85 | C62: PRINCIPAL PLATAFORMAS | D62: 3762-SEL-1201 | E62: 6021-MDC-ME-0302 | F62: 66OP12044-INN-PRET-ME-MC1617 | G62: N23CC02-PEL01-3762-MDCES-00004 | H62: MEMORIA DE CÁLCULO SÍSMICO ESTRUCTURAL PLATAFORMAS SALA ELÉCTRICA 3762-SEL-1201 | I62: =Q62+5 -> 46036 | J62: 2 | K62: - | M62: ME | N62: 0 | O62: 199 | P62: 46080 | Q62: 46031 | R62: Revisión INN | S62: =IF(R62="Aprobado / Emitir Rev_0", NETWORKDAYS(Q62,TODAY(),Hoja1!$C$3:$C$25),0) -> 0 | T62: =IF(R62="Revisión INN",NETWORKDAYS(P62,TODAY(),Hoja1!$C$3:$C$25),0) -> 35 | U62: =ROUNDUP(((COUNTA(V62:GW62)/4)/2),0) -> 2 | V62: A | W62: 97 | Y62: 45995 | Z62: 78 | AA62: 46007 | AC62: Aprobado con comentarios / Emitir Rev_B | AD62: B | AE62: 134 | AG62: 46030 | AH62: 102 | AI62: 46031 | AK62: Aprobado / Emitir Rev_0 | AL62: 0 | AM62: 199 | AO62: 46080
B63: 107 | C63: SECUNDARIO | D63: 3762-SEL-1201 | E63: 6021-PLA-ME-0306 | F63: 66OP12044-INN-PRET-ME-PL1704 | G63: N23CC02-PEL01-3762-300ME-00006 | H63: PLANO DE DETALLE ESTRUCTURAL TECHOS SALA ELÉCTRICA 3762-SEL-1201 | K63: =P63+5 -> 46112 | M63: ME | N63: 1_RL4 | O63: 177 | P63: 46107 | Q63: 46119 | R63: Aprobado / Emitir Rev_2 | S63: =IF(R63="Aprobado / Emitir Rev_2", NETWORKDAYS(Q63,TODAY(),Hoja1!$C$3:$C$25),0) -> 9 | T63: =IF(R63="Revisión INN",NETWORKDAYS(P63,TODAY(),Hoja1!$C$3:$C$25),0) -> 0 | U63: =ROUNDUP(((COUNTA(V63:GW63)/4)/2),0) -> 8 | V63: A | W63: 27 | X63: - | Y63: 45929 | Z63: 28 | AA63: 45931 | AB63: =AA63-Y63 -> 2 | AC63: Aprobado con comentarios / Emitir en Rev_B | AD63: B | AE63: 32 | AF63: =AG63-AA63 -> 1 | AG63: 45932 | AH63: 47 | AI63: 45952 | AK63: Aprobado con comentarios / Emitir en Rev_0 | AL63: 0 | AM63: 63 | AO63: 45960 | AP63: 58 | AQ63: 45966 | AR63: =AQ63-AO63 -> 6 | AS63: Aprobado | AT63: 0_RL1 | AU63: 93 | AW63: 45994 | AX63: 78 | AY63: 46007 | BA63: Aprobado | BB63: 1 | BC63: 124 | BE63: 46022 | BF63: 'No ha sido devuelta por INN | BG63: 'No ha sido devuelta por INN | BH63: 'No ha sido devuelta por INN | BI63: 'No ha sido devuelta por INN | BJ63: 1_RL1 | BK63: 151 | BM63: 46048 | BN63: 'No ha sido devuelta por INN | BO63: 'No ha sido devuelta por INN | BP63: 'No ha sido devuelta por INN | BQ63: 'No ha sido devuelta por INN | BR63: 1_RL2 | BS63: 176 | BU63: 46069 | BV63: - | BW63: - | BY63: - | BZ63: 1_RL3 | CA63: 223 | CC63: 46098 | CD63: - | CE63: - | CG63: - | CH63: 1_RL4 | CI63: 245 | CK63: 46107 | CL63: 177 | CM63: 46119 | CO63: Aprobado / Emitir Rev_2
B64: 61 | C64: N/A | D64: ALL | E64: MINUTA DE CALIDAD Nª1 | F64: N/A | G64: N/A | H64: MINUTA DE CALIDAD Nª1 (FIRMADA POR SEGURA) | I64: N/A | K64: N/A | M64: MINU | N64: INF | O64: 4 | P64: 45894 | R64: Entregado | S64: =IF(R64="Aprobado con comentarios / Emitir en Rev_0", NETWORKDAYS(Q64,TODAY(),Hoja1!$C$3:$C$25),0) -> 0 | T64: =IF(R64="Revisión INN",NETWORKDAYS(P64,TODAY(),Hoja1!$C$3:$C$25),0) -> 0 | U64: =ROUNDUP(((COUNTA(V64:GW64)/4)/2),0) -> 1 | V64: INF | W64: 4 | Y64: 45894
B65: 62 | C65: N/A | D65: 3713-SEL-1001 | E65: 6021-PIP-QA-0100 | F65: 66OP12044-INN-PRET-ME-MT0294 | G65: N/A | H65: PROGRAMA DE INSPECCIÓN Y PRUEBAS SALA 3713-SEL-1001 | I65: No interactua | K65: No interactua | M65: QA-INF | N65: 0 | O65: 252 | P65: 46114 | Q65: 45953 | R65: ENTREGADO | S65: =IF(R65="Aprobado con comentarios / Emitir en Rev_0", NETWORKDAYS(Q65,TODAY(),Hoja1!$C$3:$C$25),0) -> 0 | T65: =IF(R65="Revisión INN",NETWORKDAYS(P65,TODAY(),Hoja1!$C$3:$C$25),0) -> 0 | U65: =ROUNDUP(((COUNTA(V65:GW65)/4)/2),0) -> 18 | V65: 0 | W65: 7 | Y65: 45895 | Z65: 10 | AA65: 45903 | AB65: =AA65-Y65 -> 8 | AC65: Comentado | AD65: 0 | AE65: 13 | AF65: =AG65-AA65 -> 6 | AG65: 45909 | AH65: 33 | AI65: 45938 | AK65: Comentado | AL65: 0 | AM65: 43 | AO65: 45944 | AP65: - | AQ65: - | AR65: - | AS65: - | AT65: 0 | AU65: 46 | AW65: 45946 | AX65: - | AY65: - | AZ65: - | BA65: - | BB65: 0 | BC65: 51 | BD65: - | BE65: 45952 | BF65: 48 | BG65: 45953 | BH65: =BG65-BE65 -> 1 | BI65: Comentado | BJ65: 0 | BK65: 53 | BL65: =BM65-BG65 -> 0 | BM65: 45953 | BR65: 0 | BS65: 62 | BU65: 45960 | BZ65: 0 | CA65: 65 | CC65: 45967 | CH65: 0 | CI65: 71 | CK65: 45973 | CL65: - | CM65: - | CN65: - | CO65: - | CP65: 0 | CQ65: 79 | CS65: 45980 | CT65: - | CU65: - | CV65: - | CW65: - | CX65: 0 | CY65: 86 | DA65: 45988 | DB65: - | DC65: - | DD65: - | DE65: - | DF65: 0 | DG65: 100 | DI65: 46000 | DJ65: - | DK65: - | DL65: - | DM65: - | DN65: 0 | DO65: 127 | DQ65: 46028 | DR65: - | DS65: - | DT65: - | DU65: - | DV65: 0 | DW65: 131 | DY65: 46030 | DZ65: - | EA65: - | EB65: - | EC65: - | ED65: 0 | EE65: 139 | EG65: 46036 | EH65: - | EI65: - | EJ65: - | EK65: - | EL65: 0 | EM65: 144 | EO65: 46043 | EP65: - | EQ65: - | ER65: - | ES65: - | ET65: 0 | EU65: 159 | EW65: 46051 | EX65: - | EY65: - | EZ65: - | FA65: - | FB65: 0 | FC65: 165 | FE65: 46057 | FJ65: 0 | FK65: 171 | FM65: 46065 | FN65: - | FO65: - | FP65: - | FQ65: - | FR65: 0 | FS65: 183 | FU65: 46072 | FV65: - | FW65: - | FX65: - | FY65: - | FZ65: 0 | GA65: 197 | GC65: 46079 | GD65: - | GE65: - | GF65: - | GG65: - | GH65: 0 | GI65: 209 | GK65: 46086 | GL65: - | GM65: - | GN65: - | GO65: - | GP65: 0 | GQ65: 219 | GS65: 46092
B66: 63 | C66: N/A | D66: 3762-SEL-1101 | E66: 6021-PIP-QA-0200 | F66: 66OP12044-INN-PRET-ME-MT1511 | G66: N/A | H66: PROGRAMA DE INSPECCIÓN Y PRUEBAS SALA3762-SEL-1101 | I66: No interactua | K66: No interactua | M66: QA-INF | N66: 0 | O66: 252 | P66: 46114 | Q66: 45953 | R66: ENTREGADO | S66: =IF(R66="Aprobado con comentarios / Emitir en Rev_0", NETWORKDAYS(Q66,TODAY(),Hoja1!$C$3:$C$25),0) -> 0 | T66: =IF(R66="Revisión INN",NETWORKDAYS(P66,TODAY(),Hoja1!$C$3:$C$25),0) -> 0 | U66: =ROUNDUP(((COUNTA(V66:GW66)/4)/2),0) -> 18 | V66: 0 | W66: 7 | Y66: 45895 | Z66: 10 | AA66: 45903 | AB66: =AA66-Y66 -> 8 | AC66: Comentado | AD66: 0 | AE66: 13 | AF66: =AG66-AA66 -> 6 | AG66: 45909 | AH66: 33 | AI66: 45938 | AK66: Comentado | AL66: 0 | AM66: 43 | AO66: 45944 | AP66: - | AQ66: - | AR66: - | AS66: - | AT66: 0 | AU66: 46 | AW66: 45946 | AX66: - | AY66: - | AZ66: - | BA66: - | BB66: 0 | BC66: 51 | BD66: - | BE66: 45952 | BF66: 48 | BG66: 45953 | BH66: =BG66-BE66 -> 1 | BI66: Comentado | BJ66: 0 | BK66: 53 | BL66: =BM66-BG66 -> 0 | BM66: 45953 | BR66: 0 | BS66: 62 | BU66: 45960 | BZ66: 0 | CA66: 65 | CC66: 45967 | CH66: 0 | CI66: 71 | CK66: 45973 | CL66: - | CM66: - | CN66: - | CO66: - | CP66: 0 | CQ66: 79 | CS66: 45980 | CT66: - | CU66: - | CV66: - | CW66: - | CX66: 0 | CY66: 86 | DA66: 45988 | DB66: - | DC66: - | DD66: - | DE66: - | DF66: 0 | DG66: 100 | DI66: 46000 | DJ66: - | DK66: - | DL66: - | DM66: - | DN66: 0 | DO66: 127 | DQ66: 46028 | DR66: - | DS66: - | DT66: - | DU66: - | DV66: 0 | DW66: 131 | DY66: 46030 | DZ66: - | EA66: - | EB66: - | EC66: - | ED66: 0 | EE66: 139 | EG66: 46036 | EH66: - | EI66: - | EJ66: - | EK66: - | EL66: 0 | EM66: 144 | EO66: 46043 | EP66: - | EQ66: - | ER66: - | ES66: - | ET66: 0 | EU66: 159 | EW66: 46051 | EX66: - | EY66: - | EZ66: - | FA66: - | FB66: 0 | FC66: 165 | FE66: 46057 | FJ66: 0 | FK66: 171 | FM66: 46065 | FN66: - | FO66: - | FP66: - | FQ66: - | FR66: 0 | FS66: 183 | FU66: 46072 | FV66: - | FW66: - | FX66: - | FY66: - | FZ66: 0 | GA66: 197 | GC66: 46079 | GD66: - | GE66: - | GF66: - | GG66: - | GH66: 0 | GI66: 209 | GK66: 46086 | GL66: - | GM66: - | GN66: - | GO66: - | GP66: 0 | GQ66: 219 | GS66: 46092
B67: 64 | C67: N/A | D67: 3762-SEL-1201 | E67: 6021-PIP-QA-0300 | F67: 66OP12044-INN-PRET-ME-MT1711 | G67: N/A | H67: PROGRAMA DE INSPECCIÓN Y PRUEBAS SALA 3762-SEL-1201 | I67: No interactua | K67: No interactua | M67: QA-INF | N67: 0 | O67: 252 | P67: 46114 | Q67: 45953 | R67: ENTREGADO | S67: =IF(R67="Aprobado con comentarios / Emitir en Rev_0", NETWORKDAYS(Q67,TODAY(),Hoja1!$C$3:$C$25),0) -> 0 | T67: =IF(R67="Revisión INN",NETWORKDAYS(P67,TODAY(),Hoja1!$C$3:$C$25),0) -> 0 | U67: =ROUNDUP(((COUNTA(V67:GW67)/4)/2),0) -> 18 | V67: 0 | W67: 7 | Y67: 45895 | Z67: 10 | AA67: 45903 | AB67: =AA67-Y67 -> 8 | AC67: Comentado | AD67: 0 | AE67: 13 | AF67: =AG67-AA67 -> 6 | AG67: 45909 | AH67: 33 | AI67: 45938 | AK67: Comentado | AL67: 0 | AM67: 43 | AO67: 45944 | AP67: - | AQ67: - | AR67: - | AS67: - | AT67: 0 | AU67: 46 | AW67: 45946 | AX67: - | AY67: - | AZ67: - | BA67: - | BB67: 0 | BC67: 51 | BD67: - | BE67: 45952 | BF67: 48 | BG67: 45953 | BH67: =BG67-BE67 -> 1 | BI67: Comentado | BJ67: 0 | BK67: 53 | BL67: =BM67-BG67 -> 0 | BM67: 45953 | BR67: 0 | BS67: 62 | BU67: 45960 | BZ67: 0 | CA67: 65 | CC67: 45967 | CH67: 0 | CI67: 71 | CK67: 45973 | CL67: - | CM67: - | CN67: - | CO67: - | CP67: 0 | CQ67: 79 | CS67: 45980 | CT67: - | CU67: - | CV67: - | CW67: - | CX67: 0 | CY67: 86 | DA67: 45988 | DB67: - | DC67: - | DD67: - | DE67: - | DF67: 0 | DG67: 100 | DI67: 46000 | DJ67: - | DK67: - | DL67: - | DM67: - | DN67: 0 | DO67: 127 | DQ67: 46028 | DR67: - | DS67: - | DT67: - | DU67: - | DV67: 0 | DW67: 131 | DY67: 46030 | DZ67: - | EA67: - | EB67: - | EC67: - | ED67: 0 | EE67: 139 | EG67: 46036 | EH67: - | EI67: - | EJ67: - | EK67: - | EL67: 0 | EM67: 144 | EO67: 46043 | EP67: - | EQ67: - | ER67: - | ES67: - | ET67: 0 | EU67: 159 | EW67: 46051 | EX67: - | EY67: - | EZ67: - | FA67: - | FB67: 0 | FC67: 165 | FE67: 46057 | FJ67: 0 | FK67: 171 | FM67: 46065 | FN67: - | FO67: - | FP67: - | FQ67: - | FR67: 0 | FS67: 183 | FU67: 46072 | FV67: - | FW67: - | FX67: - | FY67: - | FZ67: 0 | GA67: 197 | GC67: 46079 | GD67: - | GE67: - | GF67: - | GG67: - | GH67: 0 | GI67: 209 | GK67: 46086 | GL67: - | GM67: - | GN67: - | GO67: - | GP67: 0 | GQ67: 219 | GS67: 46092 | GX67: 0 | GY67: 247 | HA67: 46107 | HF67: 0 | HG67: 252 | HI67: 46114
B68: 28 | C68: SECUNDARIO | D68: 3713-SEL-1001 | E68: 6021-PLA-ME-0109 | F68: 66OP12044-INN-PRET-ME-PL0292 | G68: N/A | H68: PLANO VÍAS DE ACCESO, ESCAPE, EXTINTORES Y SEÑALIZACIÓN SALA ELÉCTRICA 3713-SEL-1001 | K68: =P68+5 -> 46055 | L68: detenido por disposición de equipos . Una vez definido su ciclo, empieza a moverse nuevamente | M68: ME | N68: 0 | O68: 181 | P68: 46050 | Q68: 46120 | R68: Aprobado con comentarios / Emitir Rev_1 | S68: =IF(R68="Aprobado con comentarios / Emitir Rev_1", NETWORKDAYS(Q68,TODAY(),Hoja1!$C$3:$C$25),0) -> 8 | T68: =IF(R68="Revisión INN",NETWORKDAYS(P68,TODAY(),Hoja1!$C$3:$C$25),0) -> 0 | U68: =ROUNDUP(((COUNTA(V68:GW68)/4)/2),0) -> 2 | V68: B | W68: 56 | X68: - | Y68: 45957 | Z68: 53 | AA68: 45964 | AC68: Aprobado / Emitir en Rev_0 | AD68: 0 | AE68: 155 | AG68: 46050 | AH68: 181 | AI68: 46120 | AK68: Aprobado con comentarios / Emitir Rev_1 | GX68: 0 | GY68: 247 | HA68: 46107 | HF68: 0 | HG68: 252 | HI68: 46114
B69: 66 | D69: ALL | E69: 6021-M-FB-0011 | F69: N/A | G69: N/A | H69: PLANO ESTRUCTURA ANTECAMARA | M69: ME - INF | N69: 3 | O69: 216 | P69: 46091 | R69: Revisión INN | S69: =IF(R69="Aprobado / Emitir Rev_B", NETWORKDAYS(Q69,TODAY(),Hoja1!$C$3:$C$25),0) -> 0 | T69: =IF(R69="Revisión INN",NETWORKDAYS(P69,TODAY(),Hoja1!$C$3:$C$25),0) -> 28 | U69: =ROUNDUP(((COUNTA(V69:GW69)/4)/2),0) -> 3 | V69: 0 | W69: 113 | Y69: 46008 | Z69: - | AA69: - | AC69: - | AD69: 1 | AE69: 157 | AG69: 46051 | AH69: - | AI69: - | AK69: - | AL69: 2 no enviada a cliente por ser informativo | AM69: - | AO69: - | AP69: - | AQ69: - | AS69: - | AT69: 3 | AU69: 216 | AW69: 46091 | GX69: 0 | GY69: 247 | HA69: 46107 | HF69: 0 | HG69: 252 | HI69: 46114
B70: 36 | C70: PRINCIPAL PLATAFORMAS | D70: 5335-SEL-0001 | E70: 6021-MDC-ME-0501 | F70: 66OP12044-INN-PRET-ME-MC0817 | G70: N23CC02-PEL01-5335-MDCES-00002 | H70: MEMORIA DE CÁLCULO SÍSMICO ESTRUCTURAL PLATAFORMAS SALA ELÉCTRICA 5335-SEL-0001 | I70: 46086 | K70: =P70+5 -> 46091 | M70: ME | N70: 0 | O70: 211 | P70: 46086 | Q70: 46076 | R70: Revisión INN | S70: =IF(R70="Rechazada / Reemitir Rev_0", NETWORKDAYS(Q70,TODAY(),Hoja1!$C$3:$C$25),0) -> 0 | T70: =IF(R70="Revisión INN",NETWORKDAYS(P70,TODAY(),Hoja1!$C$3:$C$25),0) -> 31 | U70: =ROUNDUP(((COUNTA(V70:GW70)/4)/2),0) -> 3 | V70: A | W70: 48 | Y70: 45950 | Z70: 51 | AA70: 45959 | AB70: =AA70-Y70 -> 9 | AC70: Aprobado con comentarios / Emitir en Rev_B | AD70: B | AE70: 61 | AF70: =AG70-AA70 -> 0 | AG70: 45959 | AH70: 67 | AI70: 45988 | AK70: Aprobado con comentarios / Emitir Rev_0 | AL70: 0 | AM70: 169 | AO70: 46064 | AP70: 136 | AQ70: 46076 | AS70: Rechazada / Reemitir Rev_0 | AT70: 0 | AU70: 211 | AW70: 46086
B71: 68 | C71: PRINCIPAL MARCO DE IZAJE | D71: 3713-SEL-1001 | E71: 6021-PRO-ME-0110 | F71: 66OP12044-INN-PRET-ME-PL0206 | G71: N23CC02-PEL01-3713-PLNME-00001 | H71: ESQUEMA DE IZAJE Y MANIOBRAS, INCLUYE PESO Y CENTRO DE MASA SALA ELÉCTRICA 3713-SEL-1001 | J71: 3 | K71: =P71+5 -> 46106 | M71: ME | N71: 0 | O71: 234 | P71: 46101 | Q71: 46098 | R71: Revisión INN | S71: =IF(R71="Aprobado / Emitir Rev_0", NETWORKDAYS(Q71,TODAY(),Hoja1!$C$3:$C$25),0) -> 0 | T71: =IF(R71="Revisión INN",NETWORKDAYS(P71,TODAY(),Hoja1!$C$3:$C$25),0) -> 20 | U71: =ROUNDUP(((COUNTA(V71:GW71)/4)/2),0) -> 2 | V71: A | W71: 90 | Y71: 45992 | Z71: 79/80 | AA71: 46007 | AC71: Aprobado / Emitir Rev_B | AD71: B | AE71: 113 | AG71: 46008 | AH71: 157 | AI71: 46098 | AK71: Aprobado / Emitir Rev_0 | AL71: 0 | AM71: 234 | AO71: 46101
B72: 69 | C72: PRINCIPAL MARCO DE IZAJE | D72: 3762-SEL-1101 | E72: 6021-PRO-ME-0210 | F72: 66OP12044-INN-PRET-ME-PL1406 | G72: N23CC02-PEL01-3762-PLNME-00001 | H72: ESQUEMA DE IZAJE Y MANIOBRAS, INCLUYE PESO Y CENTRO DE MASA SALA ELÉCTRICA 3762-SEL-1101 | J72: 3 | K72: =P72+5 -> 46106 | M72: ME | N72: 0 | O72: 234 | P72: 46101 | Q72: 46098 | R72: Revisión INN | S72: =IF(R72="Aprobado / Emitir Rev_0", NETWORKDAYS(Q72,TODAY(),Hoja1!$C$3:$C$25),0) -> 0 | T72: =IF(R72="Revisión INN",NETWORKDAYS(P72,TODAY(),Hoja1!$C$3:$C$25),0) -> 20 | U72: =ROUNDUP(((COUNTA(V72:GW72)/4)/2),0) -> 2 | V72: A | W72: 90 | Y72: 45992 | Z72: 79/80 | AA72: 46007 | AC72: Aprobado / Emitir Rev_B | AD72: B | AE72: 113 | AG72: 46008 | AH72: 157 | AI72: 46098 | AK72: Aprobado / Emitir Rev_0 | AL72: 0 | AM72: 234 | AO72: 46101
B73: 70 | C73: PRINCIPAL MARCO DE IZAJE | D73: 3762-SEL-1201 | E73: 6021-PRO-ME-0310 | F73: 66OP12044-INN-PRET-ME-PL1606 | G73: N23CC02-PEL01-3762-PLNME-00002 | H73: ESQUEMA DE IZAJE Y MANIOBRAS, INCLUYE PESO Y CENTRO DE MASA SALA ELÉCTRICA 3762-SEL-1201 | J73: 3 | K73: =P73+5 -> 46106 | M73: ME | N73: 0 | O73: 235 | P73: 46101 | Q73: 46098 | R73: Revisión INN | S73: =IF(R73="Aprobado / Emitir Rev_0", NETWORKDAYS(Q73,TODAY(),Hoja1!$C$3:$C$25),0) -> 0 | T73: =IF(R73="Revisión INN",NETWORKDAYS(P73,TODAY(),Hoja1!$C$3:$C$25),0) -> 20 | U73: =ROUNDUP(((COUNTA(V73:GW73)/4)/2),0) -> 2 | V73: A | W73: 90 | Y73: 45992 | Z73: 79/80 | AA73: 46007 | AC73: Aprobado / Emitir Rev_B | AD73: B | AE73: 113 | AG73: 46008 | AH73: 157 | AI73: 46098 | AK73: Aprobado / Emitir Rev_0 | AL73: 0 | AM73: 234 | AO73: 46101
B74: 112 | C74: PRINCIPAL MARCO DE IZAJE | D74: ALL | E74: 6021-PLA-ME-0005 | F74: 66OP12044-INN-PRET-ME-LY0016 | G74: N23CC02-PEL01-0000-200ME-00001 | H74: LAYOUT ELEMENTO DE IZAJE (MARCO DE IZAJE) | I74: =Q74+5 -> 46110 | K74: - | M74: ME | N74: 1 | O74: 242 | P74: 46106 | Q74: 46105 | R74: Revisión INN | S74: =IF(R74="Rechazado / Bajar a Rev_0_RL1", NETWORKDAYS(Q74,TODAY(),Hoja1!$C$3:$C$25),0) -> 0 | T74: =IF(R74="Revisión INN",NETWORKDAYS(P74,TODAY(),Hoja1!$C$3:$C$25),0) -> 17 | U74: =ROUNDUP(((COUNTA(V74:GW74)/4)/2),0) -> 5 | V74: B | W74: 11 | Y74: 45904 | Z74: 14 | AA74: 45911 | AB74: =AA74-Y74 -> 7 | AC74: Aprobado con comentarios / Reemitir Rev.B | AD74: B | AE74: 31 | AF74: =AG74-AA74 -> 20 | AG74: 45931 | AH74: 52 | AI74: 45959 | AK74: Aprobado con comentarios / Emitir en Rev_0 | AL74: 0 | AM74: 66 | AO74: 45968 | AP74: 71 | AQ74: 45992 | AS74: Aprobado | AT74: 1 | AU74: 119 | AW74: 46020 | AX74: 105 | AY74: 46035 | BA74: Rechazado / Bajar a Rev_0_RL1 | BB74: 0_RL1 | BC74: 185 | BE74: 46072 | BF74: 165 | BG74: 46105 | BI74: Aprobado con comentarios / Emitir Rev_1 | BJ74: 1 | BK74: 242 | BM74: 46106
B75: 31 | C75: SECUNDARIO | D75: 3762-SEL-1101 | E75: 6021-PLA-ME-0209 | F75: 66OP12044-INN-PRET-ME-PL1509 | G75: N/A | H75: PLANO VÍAS DE ACCESO, ESCAPE, EXTINTORES Y SEÑALIZACIÓN SALA ELÉCTRICA 3762-SEL-1101 | K75: =P75+5 -> 46055 | L75: detenido por disposición de equipos . Una vez definido su ciclo, empieza a moverse nuevamente | M75: ME | N75: 0 | O75: 181 | P75: 46050 | Q75: 46120 | R75: Aprobado con comentarios / Emitir Rev_1 | S75: =IF(R75="Aprobado con comentarios / Emitir Rev_1", NETWORKDAYS(Q75,TODAY(),Hoja1!$C$3:$C$25),0) -> 8 | T75: =IF(R75="Revisión INN",NETWORKDAYS(P75,TODAY(),Hoja1!$C$3:$C$25),0) -> 0 | U75: =ROUNDUP(((COUNTA(V75:GW75)/4)/2),0) -> 2 | V75: B | W75: 56 | X75: - | Y75: 45957 | Z75: 53 | AA75: 45964 | AC75: Aprobado / Emitir en Rev_0 | AD75: 0 | AE75: 155 | AG75: 46050 | AH75: 181 | AI75: 46120 | AK75: Aprobado con comentarios / Emitir Rev_1
B76: 93 | C76: SECUNDARIO | D76: 3713-SEL-1001 | E76: 6021-PLA-ME-0105 | F76: 66OP12044-INN-PRET-ME-PL0286 | G76: N23CC02-PEL01-3713-300ME-00002 | H76: PLANO DETALLE ESTRUCTURAL PILARES SALA ELÉCTRICA 3713-SEL-1001 | K76: =P76+5 -> 46112 | M76: ME | N76: 2 | O76: 243 | P76: 46107 | Q76: 46098 | R76: Revisión INN | S76: =IF(R76="Aprobado / Emitir Rev_2", NETWORKDAYS(Q76,TODAY(),Hoja1!$C$3:$C$25),0) -> 0 | T76: =IF(R76="Revisión INN",NETWORKDAYS(P76,TODAY(),Hoja1!$C$3:$C$25),0) -> 16 | U76: =ROUNDUP(((COUNTA(V76:GW76)/4)/2),0) -> 7 | V76: A | W76: 28 | Y76: 45929 | Z76: 30 | AA76: 45932 | AB76: =AA76-Y76 -> 3 | AC76: Aprobado con comentarios / Emitir en Rev_B | AD76: B | AE76: 34 | AF76: =AG76-AA76 -> 4 | AG76: 45936 | AH76: 47 | AI76: 45952 | AK76: Aprobado con comentarios / Emitir en Rev_0 | AL76: 0 | AM76: 63 | AO76: 45960 | AP76: 58 | AQ76: 45966 | AR76: =AQ76-AO76 -> 6 | AS76: Aprobado | AT76: 0_RL1 | AU76: 89 | AW76: 45992 | AX76: 79 | AY76: 46007 | BA76: Aprobado con comentarios / Emitir Rev_1 | BB76: 1 | BC76: 122 | BE76: 46022 | BF76: No ha sido devuelta por INN | BG76: 'No ha sido devuelta por INN | BI76: 'No ha sido devuelta por INN | BJ76: 1_RL1 | BK76: 146 | BM76: 46045 | BN76: No ha sido devuelta por INN | BO76: 'No ha sido devuelta por INN | BP76: 'No ha sido devuelta por INN | BQ76: 'No ha sido devuelta por INN | BR76: 1_RL2 | BS76: 176 | BU76: 46069 | BV76: 158 | BW76: 46098 | BY76: Aprobado / Emitir Rev_2 | BZ76: 2 | CA76: 243 | CC76: 46107
B77: 74 | C77: SECUNDARIO | D77: 3713-SEL-1001 | E77: 6021-PLA-ME-0111 | F77: 66OP12044-INN-PRET-ME-PL0288 | G77: N/A | H77: DISPOSICIÓN Y DETALLES CALADOS DE PISO SALA ELECTRICA 3713-SEL-1001 | I77: Cerrado | K77: Cerrado | L77: Manejar cambios en RedLine | M77: ME | N77: 2_RL1 | O77: 176 | P77: 46113 | Q77: 46118 | R77: Aprobado | S77: =IF(R77="Aprobado con comentarios / Emitir en Rev_0", NETWORKDAYS(Q77,TODAY(),Hoja1!$C$3:$C$25),0) -> 0 | T77: =IF(R77="Revisión INN",NETWORKDAYS(P77,TODAY(),Hoja1!$C$3:$C$25),0) -> 0 | U77: =ROUNDUP(((COUNTA(V77:GW77)/4)/2),0) -> 5 | V77: B | W77: 56 | X77: - | Y77: 45957 | Z77: 53 | AA77: 45964 | AC77: Aprobado con comentarios / Emitir en Rev_0 | AD77: 0 | AE77: 82 | AG77: 45985 | AH77: 81 | AI77: 46009 | AK77: Aprobado | AL77: 1 | AM77: 125 | AO77: 46022 | AP77: 109 | AQ77: 46041 | AS77: Aprobado | AT77: 1_RL1 | AU77: 147 | AW77: 46045 | AX77: 125 | AY77: 46050 | BA77: Aprobado | BB77: 2 | BC77: 208 | BE77: 46086 | BF77: 172 | BG77: 46113 | BI77: Aprobado / Manejar cambios en RedLine. | BJ77: 2_RL1 | BK77: 251 | BM77: 46113 | BN77: 176 | BO77: 46118 | BQ77: Aprobado / Manejar cambios en Redline
B78: 33 | C78: SECUNDARIO | D78: 3762-SEL-1201 | E78: 6021-PLA-ME-0309 | F78: 66OP12044-INN-PRET-ME-PL1709 | G78: N/A | H78: PLANO VÍAS DE ACCESO, ESCAPE, EXTINTORES Y SEÑALIZACIÓN SALA ELÉCTRICA 3762-SEL-1201 | K78: =P78+5 -> 46055 | L78: detenido por disposición de equipos . Una vez definido su ciclo, empieza a moverse nuevamente | M78: ME | N78: 0 | O78: 181 | P78: 46050 | Q78: 46120 | R78: Aprobado con comentarios / Emitir Rev_1 | S78: =IF(R78="Aprobado con comentarios / Emitir Rev_1", NETWORKDAYS(Q78,TODAY(),Hoja1!$C$3:$C$25),0) -> 8 | T78: =IF(R78="Revisión INN",NETWORKDAYS(P78,TODAY(),Hoja1!$C$3:$C$25),0) -> 0 | U78: =ROUNDUP(((COUNTA(V78:GW78)/4)/2),0) -> 2 | V78: B | W78: 56 | X78: - | Y78: 45957 | Z78: 53 | AA78: 45964 | AC78: Aprobado / Emitir en Rev_0 | AD78: 0 | AE78: 155 | AG78: 46050 | AH78: 181 | AI78: 46120 | AK78: Aprobado con comentarios / Emitir Rev_1
B79: 76 | C79: SECUNDARIO | D79: 3713-SEL-1001 | E79: 6021-PLA-ME-0108 | F79: 66OP12044-INN-PRET-ME-PL0290 | G79: N/A | H79: PLANO DE PASADA DE EQUIPOS HVAC Y PRESURIZADOR SALA ELÉCTRICA 3713-SEL-1001 (calados de muro) | I79: =Q79+5 -> 46110 | K79: - | L79: se solicita devolución de documento por INN para uso de su actualización en fábrica. | M79: ME | N79: 1 | O79: 163 | P79: 46100 | Q79: 46105 | R79: Aprobado | S79: =IF(R79="Aprobado con comentarios / Emitir Rev_0_RL4", NETWORKDAYS(Q79,TODAY(),Hoja1!$C$3:$C$25),0) -> 0 | T79: =IF(R79="Revisión INN",NETWORKDAYS(P79,TODAY(),Hoja1!$C$3:$C$25),0) -> 0 | U79: =ROUNDUP(((COUNTA(V79:GW79)/4)/2),0) -> 6 | V79: B | W79: 56 | X79: - | Y79: 45957 | Z79: 53 | AA79: 45964 | AC79: Aprobado / Emitir en Rev_0 | AD79: 0 | AE79: 66 | AG79: 45968 | AH79: 78 | AI79: 46007 | AK79: Aprobado con comentarios / Emitir REV_0_RL1 | AL79: 0_RL1 | AM79: 82 | AO79: 45985 | AP79: 81 | AQ79: 46009 | AS79: Aprobado con comentarios / Emitir Rev_0_RL2 | AT79: 0_RL2 | AU79: 123 | AW79: 46022 | AX79: 111 | AY79: 46041 | BA79: Aprobado con comentarios / Emitir Rev_0_RL3 | BB79: 0_RL3 | BC79: 172 | BE79: 46065 | BF79: 147 | BG79: 46091 | BI79: Aprobado con comentarios / Emitir Rev_0_RL4 | BJ79: 0_RL4 | BK79: 226 | BM79: 46099 | BN79: 160 | BO79: 46104 | BQ79: Aprobado con comentarios / Emitir Rev_1 | BR79: 1 | BS79: 232 | BU79: 46100 | BV79: 163 | BW79: 46105 | BY79: Aprobado
B80: 77 | C80: SECUNDARIO | D80: 3762-SEL-1101 | E80: 6021-PLA-ME-0203 | F80: 66OP12044-INN-PRET-ME-PL1501 | G80: N23CC02-PEL01-3762-400ME-00003 | H80: PLANO DE IZAMIENTO SALA ELÉCTRICA 3762-SEL-1101 | I80: =Q80+5 -> 46125 | K80: - | M80: ME | N80: 0 | O80: 178 | P80: 46077 | Q80: 46120 | R80: Aprobado con comentarios / Emitir Rev_1 | S80: =IF(R80="Aprobado con comentarios / Emitir Rev_1", NETWORKDAYS(Q80,TODAY(),Hoja1!$C$3:$C$25),0) -> 8 | T80: =IF(R80="Revisión INN",NETWORKDAYS(P80,TODAY(),Hoja1!$C$3:$C$25),0) -> 0 | U80: =ROUNDUP(((COUNTA(V80:GW80)/4)/2),0) -> 4 | V80: A | W80: 60 | Y80: 45959 | Z80: 56 | AA80: 45965 | AC80: Aprobado con comentarios / Emitir en Rev_B | AD80: B | AE80: 66 | AG80: 45968 | AH80: 95 | AI80: 46027 | AK80: 4- CORREO 29-12-2025_IZAJES_COMENTADOS | AL80: B_RL1 | AM80: 91 | AN80: - | AO80: 45993 | AP80: 72 | AQ80: 45996 | AS80: Rechazado / Esperar REV_B comentada por Codelco | AT80: 0 | AU80: 191 | AW80: 46077 | AX80: 178 | AY80: 46120 | BA80: Aprobado con comentarios / Emitir Rev_1
B81: 78 | D81: 3717-SEL-0101 | E81: 6021-MDC-ME-0801 | F81: 66OP12044-INN-PRET-ME-MC0417 | G81: N23CC02-PEL01-3717-MDCES-00002 | H81: MEMORIA DE CÁLCULO SÍSMICO ESTRUCTURAL PLATAFORMAS SALA ELÉCTRICA 3717-SEL-0101 | K81: =P81+5 -> 46049 | M81: ME | N81: 0 | O81: 153 | P81: 46044 | Q81: 46076 | R81: Aprobado | S81: =IF(R81="Aprobado con comentarios / Emitir en Rev_0", NETWORKDAYS(Q81,TODAY(),Hoja1!$C$3:$C$25),0) -> 0 | T81: =IF(R81="Revisión INN",NETWORKDAYS(P81,TODAY(),Hoja1!$C$3:$C$25),0) -> 0 | U81: =ROUNDUP(((COUNTA(V81:GW81)/4)/2),0) -> 3 | V81: A | W81: 120 | Y81: 46020 | Z81: 91 | AA81: 46021 | AC81: Aprobado con comentarios / Emitir en Rev_B | AD81: B | AE81: 121 | AG81: 46021 | AH81: Falta comentarios de codelco | AI81: Falta comentarios de codelco | AK81: Falta comentarios de codelco | AL81: 0 | AM81: 145 | AO81: 46044 | AP81: 139 / 153 | AQ81: 23-02-2026 / 16-03-2026 | AS81: Aprobado
B82: 79 | C82: SECUNDARIO | D82: 3762-SEL-1101 | E82: 6021-PLA-ME-0211 | F82: 66OP12044-INN-PRET-ME-PL1505 | G82: N/A | H82: DISPOSICIÓN Y DETALLES CALADOS DE PISO SALA ELECTRICA 3762-SEL-1101 | I82: Cerrado | K82: Cerrado | L82: Manejar cambios en RedLine | M82: ME | N82: 2_RL1 | O82: 176 | P82: 46113 | Q82: 46118 | R82: Aprobado | S82: =IF(R82="Aprobado con comentarios / Emitir Rev_1", NETWORKDAYS(Q82,TODAY(),Hoja1!$C$3:$C$25),0) -> 0 | T82: =IF(R82="Revisión INN",NETWORKDAYS(P82,TODAY(),Hoja1!$C$3:$C$25),0) -> 0 | U82: =ROUNDUP(((COUNTA(V82:GW82)/4)/2),0) -> 5 | V82: B | W82: 56 | X82: - | Y82: 45957 | Z82: 53 | AA82: 45964 | AC82: Aprobado con comentarios / Emitir en Rev_0 | AD82: 0 | AE82: 82 | AG82: 45985 | AH82: 81 | AI82: 46009 | AK82: Aprobado con comentarios / Emitir Rev_1 | AL82: 1 | AM82: 125 | AO82: 46022 | AP82: 109 | AQ82: 46041 | AS82: Aprobado | AT82: 1_RL1 | AU82: 147 | AW82: 46045 | AX82: 125 | AY82: 46050 | BA82: Aprobado | BB82: 2 | BC82: 215 | BE82: 46091 | BF82: 172 | BG82: 46113 | BI82: Aprobado / Manejar cambios en RedLine. | BJ82: 2_RL1 | BK82: 252 | BM82: 46113 | BN82: 176 | BO82: 46118 | BQ82: Aprobado / Manejar cambios en Redline
B83: 88 | C83: SECUNDARIO | D83: 3713-SEL-1001 | E83: 6021-PLA-ME-0102 | F83: 66OP12044-INN-PRET-ME-MC0204 | G83: N23CC02-PEL01-3713-400ME-00001 | H83: DETALLE DE ANCLAJES Y REACCIONES SALA ELÉCTRICA 3713-SEL-1001 | K83: =P83+5 -> 46074 | L83: 1 SEMANA, UNA VEZ EMITIDA LA MCE DOC. 6021-MDC-ME-0301 REV, 0 | M83: ME | N83: 1_RL1 | O83: 179 | P83: 46069 | Q83: 46120 | R83: Aprobado con comentarios / Emitir Rev_2 | S83: =IF(R83="Aprobado con comentarios / Emitir Rev_2", NETWORKDAYS(Q83,TODAY(),Hoja1!$C$3:$C$25),0) -> 8 | T83: =IF(R83="Revisión INN",NETWORKDAYS(P83,TODAY(),Hoja1!$C$3:$C$25),0) -> 0 | U83: =ROUNDUP(((COUNTA(V83:GW83)/4)/2),0) -> 5 | V83: A | W83: 19 | Y83: 45916 | Z83: 18 | AA83: 45917 | AB83: =AA83-Y83 -> 1 | AC83: Aprobado con comentarios / Emitir Rev.B | AD83: B | AE83: 31 | AF83: =AG83-AA83 -> 14 | AG83: 45931 | AH83: 47 | AI83: 45952 | AJ83: =AI83-AG83 -> 21 | AK83: Aprobado con comentarios / Emitir en Rev_0 | AL83: 0 | AM83: 85 | AO83: 45988 | AP83: 79 | AQ83: 46007 | AS83: Aprobado con comentarios / Emitir Rev_1 | AT83: 1 | AU83: 123 | AW83: 46022 | AX83: 'No ha sido devuelta por INN | AY83: 'No ha sido devuelta por INN | BA83: 'No ha sido devuelta por INN | BB83: 1_RL1 | BC83: 176 | BE83: 46069 | BF83: 179 | BG83: 46120 | BI83: Aprobado con comentarios / Emitir Rev_2
B84: 81 | D84: ALL | E84: 6021-MDC-ME-0002 | F84: N/A | G84: N/A | H84: CÁLCULO DE MASIVIDAD VIGAS BAJO PISO SALA ELÉCTRICA | I84: Cerrado | K84: Cerrado | L84: Se incorporará como anexo al procedimiento de pintura | M84: ME-INF | N84: 1 | O84: CORREO 09-01-2026 - RAMON MORENO_MASIVIDAD Y U.MÓDULO_APROBADO | P84: 46030 | Q84: 46031 | R84: Aprobado | S84: =IF(R84="Comentado / Emitir Rev_1", NETWORKDAYS(Q84,TODAY(),Hoja1!$C$3:$C$25),0) -> 0 | T84: =IF(R84="Revisión INN",NETWORKDAYS(P84,TODAY(),Hoja1!$C$3:$C$25),0) -> 0 | U84: =ROUNDUP(((COUNTA(V84:GW84)/4)/2),0) -> 2 | V84: 0 | W84: 99 | Y84: 45996 | Z84: 97 | AA84: 46027 | AC84: Comentado / Emitir Rev_1 | AD84: 1 | AE84: 131 | AG84: 46030 | AH84: CORREO 09-01-2026 - RAMON MORENO_MASIVIDAD Y U.MÓDULO_APROBADO
B85: 95 | C85: SECUNDARIO | D85: 3762-SEL-1101 | E85: 6021-PLA-ME-0205 | F85: 66OP12044-INN-PRET-ME-PL1503 | G85: N23CC02-PEL01-3762-300ME-00002 | H85: PLANO DETALLE ESTRUCTURAL PILARES SALA ELÉCTRICA 3762-SEL-1101 | K85: =P85+5 -> 46112 | M85: ME | N85: 2 | O85: 243 | P85: 46107 | Q85: 46098 | R85: Revisión INN | S85: =IF(R85="Aprobado / Emitir Rev_2", NETWORKDAYS(Q85,TODAY(),Hoja1!$C$3:$C$25),0) -> 0 | T85: =IF(R85="Revisión INN",NETWORKDAYS(P85,TODAY(),Hoja1!$C$3:$C$25),0) -> 16 | U85: =ROUNDUP(((COUNTA(V85:GW85)/4)/2),0) -> 6 | V85: A | W85: 28 | Y85: 45929 | Z85: 30 | AA85: 45932 | AB85: =AA85-Y85 -> 3 | AC85: Aprobado con comentarios / Emitir en Rev_B | AD85: B | AE85: 34 | AF85: =AG85-AA85 -> 4 | AG85: 45936 | AH85: 47 | AI85: 45952 | AK85: Aprobado con comentarios / Emitir en Rev_0 | AL85: 0 | AM85: 63 | AO85: 45960 | AP85: 58 / 79 | AQ85: 05-11-2025 / 16-12-2025 | AR85: =AQ85-AO85 -> #VALUE! | AS85: Aprobado con comentarios / Emitir Rev_1 | AT85: 0_RL1 | AU85: 89 | AW85: 45992 | AX85: 79 | AY85: 46007 | BA85: Aprobado con comentarios / Emitir Rev_1 | BB85: 1 | BC85: 122 | BE85: 46022 | BF85: No ha sido devuelta por INN | BG85: 'No ha sido devuelta por INN | BI85: 'No ha sido devuelta por INN | BJ85: 1_RL1 | BK85: 146 | BM85: 46045 | BN85: 158 | BO85: 46098 | BQ85: Aprobado / Emitir Rev_2 | BR85: 2 | BS85: 243 | BU85: 46107
B86: 83 | C86: SECUNDARIO | D86: 3762-SEL-1101 | E86: 6021-PLA-ME-0208 | F86: 66OP12044-INN-PRET-ME-PL1507 | G86: N/A | H86: PLANO DE PASADA DE EQUIPOS HVAC Y PRESURIZADOR SALA ELÉCTRICA 3762-SEL-1101 (calados de muro) | I86: =Q86+5 -> 46110 | K86: - | L86: se solicita devolución de documento por INN para uso de su actualización en fábrica. | M86: ME | N86: 1 | O86: 163 | P86: 46104 | Q86: 46105 | R86: Aprobado | S86: =IF(R86="Aprobado con comentarios / Emitir Rev_0_RL4", NETWORKDAYS(Q86,TODAY(),Hoja1!$C$3:$C$25),0) -> 0 | T86: =IF(R86="Revisión INN",NETWORKDAYS(P86,TODAY(),Hoja1!$C$3:$C$25),0) -> 0 | U86: =ROUNDUP(((COUNTA(V86:GW86)/4)/2),0) -> 6 | V86: B | W86: 56 | X86: - | Y86: 45957 | Z86: 53 | AA86: 45964 | AC86: Aprobado con comentarios / Emitir en Rev_0 | AD86: 0 | AE86: 66 | AG86: 45968 | AH86: 78 | AI86: 46007 | AK86: Aprobado con comentarios / Emitir Rev_0_RL1 | AL86: 0_RL1 | AM86: 82 | AO86: 45985 | AP86: 81 | AQ86: 46009 | AS86: Aprobado con comentarios / Emitir Rev_0_RL2 | AT86: 0_RL2 | AU86: 123 | AW86: 46022 | AX86: 111 | AY86: 46041 | BA86: Aprobado con comentarios / Emitir Rev_0_RL3 | BB86: 0_RL3 | BC86: 172 | BE86: 46065 | BF86: 149 | BG86: 46097 | BI86: Aprobado con comentarios / Emitir Rev_0_RL4 | BJ86: 0_RL4 | BK86: 226 | BM86: 46099 | BN86: 160 | BO86: 46104 | BQ86: Aprobado con comentarios / Emitir Rev_1 | BR86: 1 | BS86: 236 | BU86: 46104 | BV86: 163 | BW86: 46105 | BY86: Aprobado
B87: 84 | C87: PRINCIPAL PLATAFORMAS | D87: 3762-SEL-1101 | E87: 6021-MDC-ME-0202 | F87: 66OP12044-INN-PRET-ME-MC1417 | G87: N23CC02-PEL01-3762-MDCES-00002 | H87: MEMORIA DE CÁLCULO SÍSMICO ESTRUCTURAL PLATAFORMAS SALA ELÉCTRICA 3762-SEL-1101 | J87: 2 | K87: =P87+5 -> 46057 | M87: ME | N87: 0 | O87: 153 | P87: 46052 | Q87: 46031 | R87: Aprobado | S87: =IF(R87="Aprobado / Emitir Rev_0", NETWORKDAYS(Q87,TODAY(),Hoja1!$C$3:$C$25),0) -> 0 | T87: =IF(R87="Revisión INN",NETWORKDAYS(P87,TODAY(),Hoja1!$C$3:$C$25),0) -> 0 | U87: =ROUNDUP(((COUNTA(V87:GW87)/4)/2),0) -> 3 | V87: A | W87: 93 | Y87: 45994 | Z87: 78 | AA87: 46007 | AC87: Aprobado con comentarios / Emitir Rev_B | AD87: B | AE87: 134 | AG87: 46030 | AH87: 102 | AI87: 46031 | AK87: Aprobado / Emitir Rev_0 | AL87: 0 | AM87: 160 | AO87: 46052 | AP87: 153 | AQ87: 46097 | AS87: Aprobado
B88: 96 | C88: SECUNDARIO | D88: 3762-SEL-1201 | E88: 6021-PLA-ME-0305 | F88: 66OP12044-INN-PRET-ME-PL1703 | G88: N23CC02-PEL01-3762-300ME-00005 | H88: PLANO DETALLE ESTRUCTURAL PILARES SALA ELÉCTRICA 3762-SEL-1201 | K88: =P88+5 -> 46112 | M88: ME | N88: 2 | O88: 243 | P88: 46107 | Q88: 46098 | R88: Revisión INN | S88: =IF(R88="Aprobado / Emitir Rev_2", NETWORKDAYS(Q88,TODAY(),Hoja1!$C$3:$C$25),0) -> 0 | T88: =IF(R88="Revisión INN",NETWORKDAYS(P88,TODAY(),Hoja1!$C$3:$C$25),0) -> 16 | U88: =ROUNDUP(((COUNTA(V88:GW88)/4)/2),0) -> 6 | V88: A | W88: 28 | Y88: 45929 | Z88: 30 | AA88: 45932 | AB88: =AA88-Y88 -> 3 | AC88: Aprobado con comentarios / Emitir en Rev_B | AD88: B | AE88: 34 | AF88: =AG88-AA88 -> 4 | AG88: 45936 | AH88: 47 | AI88: 45952 | AK88: Aprobado con comentarios / Emitir en Rev_0 | AL88: 0 | AM88: 63 | AO88: 45960 | AP88: 58/79 | AQ88: 05-11-2025/16-12-2025 | AR88: =AQ88-AO88 -> #VALUE! | AS88: Aprobado | AT88: 0_RL1 | AU88: 89 | AW88: 45992 | AX88: 79 | AY88: 46007 | BA88: Aprobado con comentarios / Emitir Rev_1 | BB88: 1 | BC88: 122 | BE88: 46022 | BF88: No ha sido devuelta por INN | BG88: 'No ha sido devuelta por INN | BI88: 'No ha sido devuelta por INN | BJ88: 1_RL1 | BK88: 146 | BM88: 46045 | BN88: 158 | BO88: 46098 | BQ88: Aprobado / Emitir Rev_2 | BR88: 2 | BS88: 243 | BU88: 46107
B89: 86 | C89: PRINCIPAL PLATAFORMAS | D89: 5310-SEL-0101 | E89: 6021-MDC-ME-0401 | F89: 66OP12044-INN-PRET-ME-MC0617 | G89: N23CC02-PEL01-5310-MDCES-00002 | H89: MEMORIA DE CÁLCULO SÍSMICO ESTRUCTURAL PLATAFORMAS SALA ELÉCTRICA 5310-SEL-0101 | J89: 2 | K89: =P89+5 -> 46047 | M89: ME | N89: 0 | O89: 153 | P89: 46042 | Q89: 46031 | R89: Aprobado | S89: =IF(R89="Aprobado / Emitir Rev_0", NETWORKDAYS(Q89,TODAY(),Hoja1!$C$3:$C$25),0) -> 0 | T89: =IF(R89="Revisión INN",NETWORKDAYS(P89,TODAY(),Hoja1!$C$3:$C$25),0) -> 0 | U89: =ROUNDUP(((COUNTA(V89:GW89)/4)/2),0) -> 3 | V89: A | W89: 88 | Y89: 45989 | Z89: 78 | AA89: 46007 | AC89: Aprobado con comentarios / Emitir Rev_B | AD89: B | AE89: 134 | AG89: 46030 | AH89: 102 | AI89: 46031 | AK89: Aprobado / Emitir Rev_0 | AL89: 0 | AM89: 143 | AO89: 46042 | AP89: 153 | AQ89: 46097 | AS89: Aprobado
B90: 87 | C90: SECUNDARIO | D90: 3762-SEL-1201 | E90: 6021-PLA-ME-0308 | F90: 66OP12044-INN-PRET-ME-PL1707 | G90: N/A | H90: PLANO DE PASADA DE EQUIPOS HVAC Y PRESURIZADOR SALA ELÉCTRICA 3762-SEL-1201 (calados de muro) | I90: =Q90+5 -> 46116 | K90: - | L90: se solicita devolución de documento por INN para uso de su actualización en fábrica. | M90: ME | N90: 1 | O90: 167 | P90: 46107 | Q90: 46111 | R90: Aprobado | S90: =IF(R90="Aprobado con comentarios / Emitir Rev_1", NETWORKDAYS(Q90,TODAY(),Hoja1!$C$3:$C$25),0) -> 0 | T90: =IF(R90="Revisión INN",NETWORKDAYS(P90,TODAY(),Hoja1!$C$3:$C$25),0) -> 0 | U90: =ROUNDUP(((COUNTA(V90:GW90)/4)/2),0) -> 6 | V90: B | W90: 56 | X90: - | Y90: 45957 | Z90: 53 | AA90: 45964 | AC90: Aprobado / Emitir en Rev_0 | AD90: 0 | AE90: 66 | AG90: 45968 | AH90: 78 | AI90: 46007 | AK90: Aprobado con comentarios / Emitir Rev_0_RL1 | AL90: 0_RL1 | AM90: 82 | AO90: 45985 | AP90: PENDIENTE INN | AQ90: PENDIENTE INN | AS90: PENDIENTE INN | AT90: 0_RL2 | AU90: 123 | AW90: 46022 | AX90: 111 | AY90: 46041 | BA90: Aprobado con comentarios / Emitir Rev_0_RL3 | BB90: 0_RL3 | BC90: 172 | BE90: 46065 | BF90: 149 | BG90: 46097 | BI90: Aprobado con comentarios / Emitir Rev_0_RL4 | BJ90: 0_RL4 | BK90: 226 | BM90: 46099 | BN90: 160 | BO90: 46104 | BQ90: Aprobado con comentarios / Emitir Rev_1 | BR90: 1 | BS90: 246 | BU90: 46107 | BV90: 167 | BW90: 46111 | BY90: Aprobado
B91: 89 | C91: SECUNDARIO | D91: 3762-SEL-1101 | E91: 6021-PLA-ME-0202 | F91: 66OP12044-INN-PRET-ME-MC1404 | G91: N23CC02-PEL01-3762-400ME-00001 | H91: DETALLE DE ANCLAJES Y REACCIONES SALA ELÉCTRICA 3762-SEL-1101 | K91: =P91+5 -> 46074 | L91: 1 SEMANA, UNA VEZ EMITIDA LA MCE DOC. 6021-MDC-ME-0301 REV, 0 | M91: ME | N91: 1_RL1 | O91: 179 | P91: 46069 | Q91: 46120 | R91: Aprobado con comentarios / Emitir Rev_2 | S91: =IF(R91="Aprobado con comentarios / Emitir Rev_2", NETWORKDAYS(Q91,TODAY(),Hoja1!$C$3:$C$25),0) -> 8 | T91: =IF(R91="Revisión INN",NETWORKDAYS(P91,TODAY(),Hoja1!$C$3:$C$25),0) -> 0 | U91: =ROUNDUP(((COUNTA(V91:GW91)/4)/2),0) -> 4 | V91: A | W91: 19 | Y91: 45916 | Z91: 18 | AA91: 45917 | AB91: =AA91-Y91 -> 1 | AC91: Aprobado con comentarios / Emitir Rev.B | AD91: B | AE91: 33 | AF91: =AG91-AA91 -> 16 | AG91: 45933 | AH91: 47 | AI91: 45952 | AK91: Aprobado con comentarios / Emitir en Rev_0 | AL91: 0 | AM91: 85 | AO91: 45988 | AP91: 79 | AQ91: 46007 | AS91: Aprobado con comentarios / Emitir Rev_1 | AT91: 1 | AU91: 123 | AW91: 46022 | AX91: 'No ha sido devuelta por INN | AY91: 'No ha sido devuelta por INN | BA91: 'No ha sido devuelta por INN | BB91: 1_RL1 | BC91: 176 | BE91: 46069 | BF91: 179 | BG91: 46120 | BI91: Aprobado con comentarios / Emitir Rev_2
B92: 101 | C92: SECUNDARIO | D92: 3762-SEL-1201 | E92: 6021-PLA-ME-0302 | F92: 66OP12044-INN-PRET-ME-MC1604 | G92: N23CC02-PEL01-3762-400ME-00002 | H92: DETALLE DE ANCLAJES Y REACCIONES SALA ELÉCTRICA 3762-SEL-1201 | K92: =P92+5 -> 46074 | L92: 1 SEMANA, UNA VEZ EMITIDA LA MCE DOC. 6021-MDC-ME-0301 REV, 0 | M92: ME | N92: 1_RL1 | O92: 179 | P92: 46069 | Q92: 46120 | R92: Aprobado con comentarios / Emitir Rev_2 | S92: =IF(R92="Aprobado con comentarios / Emitir Rev_2", NETWORKDAYS(Q92,TODAY(),Hoja1!$C$3:$C$25),0) -> 8 | T92: =IF(R92="Revisión INN",NETWORKDAYS(P92,TODAY(),Hoja1!$C$3:$C$25),0) -> 0 | U92: =ROUNDUP(((COUNTA(V92:GW92)/4)/2),0) -> 4 | V92: A | W92: 19 | Y92: 45916 | Z92: 18 | AA92: 45917 | AB92: =AA92-Y92 -> 1 | AC92: Aprobado con comentarios / Emitir Rev.B | AD92: B | AE92: 33 | AF92: =AG92-AA92 -> 16 | AG92: 45933 | AH92: 47 | AI92: 45952 | AK92: Aprobado con comentarios / Emitir en Rev_0 | AL92: 0 | AM92: 85 | AO92: 45988 | AP92: 79 | AQ92: 46007 | AS92: Aprobado con comentarios / Emitir Rev_1 | AT92: 1 | AU92: 123 | AW92: 46022 | AX92: 'No ha sido devuelta por INN | AY92: 'No ha sido devuelta por INN | BA92: 'No ha sido devuelta por INN | BB92: 1_RL1 | BC92: 176 | BE92: 46069 | BF92: 179 | BG92: 46120 | BI92: Aprobado con comentarios / Emitir Rev_2
B93: 90 | C93: N/A | D93: ALL | E93: 6021-PRO-QA-0003 | F93: 66OP12044-INN-PRET-GE-LS0183 | G93: N23CC02-PEL01-0000-INFME-00002 | H93: REGISTRO DE CALIFICACIÓN DE PROCEDIMIENTOS DE SOLDADURA | I93: ANULADO POR DUPLICIDAD | J93: N/A | K93: - | L93: ANULADO ya que la información está contenida en DOCS: 66OP12044-INN-PRET-ME-ET0154 | M93: QA | R93: ANULADO | S93: =IF(R93="Aprobado con comentarios / Emitir en Rev_0", NETWORKDAYS(Q93,TODAY(),Hoja1!$C$3:$C$25),0) -> 0 | T93: =IF(R93="Revisión INN",NETWORKDAYS(P93,TODAY(),Hoja1!$C$3:$C$25),0) -> 0 | U93: =ROUNDUP(((COUNTA(V93:GW93)/4)/2),0) -> 0
B94: 91 | C94: SECUNDARIO | D94: ALL | E94: 6021-CER-QA-0002 | F94: 66OP12044-INN-PRET-GE-CE0176 | G94: N23CC02-PEL01-0000-CERME-00009 | H94: CERTIFICADOS DE PESO Y DECLARACIONES DE RECONCILIACIÓN DE PESO SALA | I94: ANULADO POR DUPLICIDAD | J94: N/A | K94: - | L94: ANULADO. ya que la información está contenida en Docs: 66OP12044-INN-PRET-ME-CE0291, 66OP12044-INN-PRET-ME-CE1508, 66OP12044-INN-PRET-ME-CE1708 | M94: QA | R94: ANULADO | S94: =IF(R94="Aprobado con comentarios / Emitir en Rev_0", NETWORKDAYS(Q94,TODAY(),Hoja1!$C$3:$C$25),0) -> 0 | T94: =IF(R94="Revisión INN",NETWORKDAYS(P94,TODAY(),Hoja1!$C$3:$C$25),0) -> 0 | U94: =ROUNDUP(((COUNTA(V94:GW94)/4)/2),0) -> 0
B95: 92 | C95: N/A | D95: ALL | E95: 6021-PLA-ME-0006 | F95: 66OP12044-INN-PRET-ME-PL0166 | G95: N23CC02-PEL01-0000-300ME-00001 | H95: PLANO DETALLES DE SELLOS MECÁNICOS (SELLOS ROXTEC) | I95: A DEFINIR / NO CRITICO | J95: 3 | K95: - | L95: Documento condicionado e envio de información por INN | M95: ME | R95: Por emitir | S95: =IF(R95="Aprobado con comentarios / Emitir en Rev_0", NETWORKDAYS(Q95,TODAY(),Hoja1!$C$3:$C$25),0) -> 0 | T95: =IF(R95="Revisión INN",NETWORKDAYS(P95,TODAY(),Hoja1!$C$3:$C$25),0) -> 0 | U95: =ROUNDUP(((COUNTA(V95:GW95)/4)/2),0) -> 0
B96: 32 | C96: N/A | D96: ALL | E96: 6021-PRO-QA-0005 | F96: 66OP12044-INN-PRET-GE-PR0005 | G96: N23CC02-PEL01-0000-PROMD-00001 | H96: PROCEDIMIENTO DE INSPECCIÓN Y PRUEBA DE PROTECCIÓN DE SUPERFICIES Y PINTURA SALAS ELÉCTRICAS 3713-SEL-1001 / 3762-SEL-1101 / 3762-SEL-1201 | L96: INNO debe rechazar para reemitir en Rev_4 | M96: QA | N96: 4 | O96: 250 | P96: 46113 | Q96: 46099 | R96: Revisión INN | S96: =IF(R96="Aprobado con comentarios / Emitir Rev_4", NETWORKDAYS(Q96,TODAY(),Hoja1!$C$3:$C$25),0) -> 0 | T96: =IF(R96="Revisión INN",NETWORKDAYS(P96,TODAY(),Hoja1!$C$3:$C$25),0) -> 12 | U96: =ROUNDUP(((COUNTA(V96:GW96)/4)/2),0) -> 5 | V96: B | W96: 15 | Y96: 45910 | Z96: 35 | AA96: 45938 | AC96: Aprobado con comentarios / Emitir en Rev_0 | AD96: 0 | AE96: 37 | AG96: 45940 | AH96: 57 | AI96: 45965 | AK96: Aprobado con comentarios / Emitir Rev_1 | AL96: 1 | AM96: 75 | AO96: 45979 | AP96: 110 | AQ96: 46038 | AS96: Aprobado con comentarios / Emitir Rev_2 | AT96: 2 | AU96: 140 | AW96: 46038 | AX96: 135 | AY96: 46076 | BA96: Aprobado con comentarios / Emitir Rev_3 | BB96: 3 | BC96: 198 | BE96: 46079 | BF96: 159 | BG96: 46099 | BI96: Aprobado con comentarios / Emitir Rev_4 | BJ96: 4 | BK96: 250 | BM96: 46113
B97: 94 | C97: SECUNDARIO | D97: 3713-SEL-1001 | E97: 6021-LST-ME-0101 | F97: 66OP12044-INN-PRET-GE-LS0281 | G97: N23CC02-PEL01-3713-LSTMD-00002 | H97: LISTADO DE MATERIALES SALA ELÉCTRICA 3713-SEL-1001 | I97: Cerrado | J97: * | K97: Cerrado | M97: ME | N97: 0 | O97: 122 | P97: 46022 | Q97: 46055 | R97: Aprobado | S97: =IF(R97="Aprobados", NETWORKDAYS(Q97,TODAY(),Hoja1!$C$3:$C$25),0) -> 0 | T97: =IF(R97="Revisión INN",NETWORKDAYS(P97,TODAY(),Hoja1!$C$3:$C$25),0) -> 0 | U97: =ROUNDUP(((COUNTA(V97:GW97)/4)/2),0) -> 3 | V97: A | W97: 87 | Y97: 45988 | Z97: 75 | AA97: 46002 | AC97: Aprobado con comentarios / Emitir Rev_B | AD97: B | AE97: 105 | AG97: 46006 | AH97: 93 | AI97: 46027 | AK97: Aprobado / Emitir Rev_0 | AL97: 0 | AM97: 122 | AO97: 46022 | AP97: 129 | AQ97: 46055 | AS97: Aprobado
B98: 67 | C98: SECUNDARIO | D98: 3713-SEL-1001 | E98: 6021-PLA-ME-0103 | F98: 66OP12044-INN-PRET-ME-PL0284 | G98: N23CC02-PEL01-3713-400ME-00002 | H98: PLANO DE IZAMIENTO SALA ELÉCTRICA 3713-SEL-1001 | I98: =Q98+5 -> 46125 | K98: - | M98: ME | N98: 1 | O98: 257 | P98: 46121 | Q98: 46120 | R98: Revisión INN | S98: =IF(R98="Aprobado con comentarios / Emitir Rev_1", NETWORKDAYS(Q98,TODAY(),Hoja1!$C$3:$C$25),0) -> 0 | T98: =IF(R98="Revisión INN",NETWORKDAYS(P98,TODAY(),Hoja1!$C$3:$C$25),0) -> 7 | U98: =ROUNDUP(((COUNTA(V98:GW98)/4)/2),0) -> 4 | V98: A | W98: 60 | Y98: 45959 | Z98: 56 | AA98: 45965 | AC98: Aprobado con comentarios / Emitir en Rev_B | AD98: B | AE98: 66 | AG98: 45968 | AH98: 95 | AI98: 46027 | AK98: 4- CORREO 29-12-2025_IZAJES_COMENTADOS | AL98: B_RL1 | AM98: 91 | AN98: - | AO98: 45993 | AP98: 72 | AQ98: 45996 | AS98: Rechazado / Esperar REV_B comentada por Codelco | AT98: 0 | AU98: 191 | AW98: 46077 | AX98: 178 | AY98: 46120 | BA98: Aprobado con comentarios / Emitir Rev_1
B99: 82 | C99: SECUNDARIO | D99: 3762-SEL-1201 | E99: 6021-PLA-ME-0303 | F99: 66OP12044-INN-PRET-ME-PL1701 | G99: N23CC02-PEL01-3762-400ME-00004 | H99: PLANO DE IZAMIENTO SALA ELÉCTRICA 3762-SEL-1201 | I99: =Q99+5 -> 46125 | K99: - | M99: ME | N99: 1 | O99: 257 | P99: 46121 | Q99: 46120 | R99: Revisión INN | S99: =IF(R99="Aprobado con comentarios / Emitir Rev_1", NETWORKDAYS(Q99,TODAY(),Hoja1!$C$3:$C$25),0) -> 0 | T99: =IF(R99="Revisión INN",NETWORKDAYS(P99,TODAY(),Hoja1!$C$3:$C$25),0) -> 7 | U99: =ROUNDUP(((COUNTA(V99:GW99)/4)/2),0) -> 4 | V99: A | W99: 60 | Y99: 45959 | Z99: 56 | AA99: 45965 | AC99: Aprobado con comentarios / Emitir en Rev_B | AD99: B | AE99: 66 | AG99: 45968 | AH99: 95 | AI99: 46027 | AK99: 4- CORREO 29-12-2025_IZAJES_COMENTADOS | AL99: B_RL1 | AM99: 91 | AN99: - | AO99: 45993 | AP99: 72 | AQ99: 45996 | AS99: Rechazado / Esperar REV_B comentada por Codelco | AT99: 0 | AU99: 191 | AW99: 46077 | AX99: 178 | AY99: 46120 | BA99: Aprobado con comentarios / Emitir Rev_1
B100: 122 | C100: PRINCIPAL | D100: 3713-SEL-1001 | E100: 6021-MDC-ME-0101 | F100: 66OP12044-INN-PRET-ME-MC0216 | G100: N23CC02-PEL01-3713-MDCES-00001 | H100: MEMORIA DE CÁLCULO SÍSMICO ESTRUCTURAL SALA ELÉCTRICA 3713-SEL-1001 | K100: - | M100: ME | N100: 2 | O100: 154 / 180 | P100: 46069 | Q100: 46120 | R100: Aprobado con comentarios / Emitir Rev_3 | S100: =IF(R100="Aprobado con comentarios / Emitir Rev_3", NETWORKDAYS(Q100,TODAY(),Hoja1!$C$3:$C$25),0) -> 8 | T100: =IF(R100="Revisión INN pero nos devolvieron este TTAL con la aprobación de cliente final para ellos avanzar. Aún falta resto de información para que SEH pueda atender el documento. ",NETWORKDAYS(P100,TODAY(),Hoja1!$C$3:$C$25),0) -> 0 | U100: =ROUNDUP(((COUNTA(V100:GW100)/4)/2),0) -> 5 | V100: A | W100: 27 | Y100: 45929 | Z100: 27 | AA100: 45930 | AB100: =AA100-Y100 -> 1 | AC100: Aprobado con comentarios / Emitir en Rev_B | AD100: B | AE100: 31 | AF100: =AG100-AA100 -> 1 | AG100: 45931 | AH100: 39 | AI100: 45943 | AJ100: =AI100-AG100 -> 12 | AK100: Aprobado con comentarios / Emitir en Rev_0 | AL100: 0 | AM100: 78 | AO100: 45980 | AP100: 77 | AQ100: 46006 | AS100: Aprobado con comentarios / Emitir Rev_1 | AT100: 1 | AU100: 132 | AW100: 46030 | AX100: 121 | AY100: 46049 | BA100: Aprobado con comentarios / Emitir Rev_2 | BB100: 2 | BC100: 177 | BE100: 46069 | BF100: 154 / 180 | BG100: 16-03-2026 / 08-04-2026 | BI100: Aprobado con comentarios / Emitir Rev_3
...

Sheet INGENIERÍA FABRICA
K5: EMITIR ASBUI+'[OT-6011_Master documental 16.08.23.xlsx]INGENIERÍA FABRICA'!T REV.2 CON COMENTARIOS LEVANTADOS
J8: CONTROL DOCUMENTAL
J9: MASTER INGENIERÍA
J10: CÓDIGO
J11: B
J12: =TODAY() -> 46130
D13: CANTIDAD DE DOCUMENTOS | G13: RESUMEN ACTUALIZADO DE ENTREGA | L13: 1ERA EMISIÓN | P13: 2DA EMISIÓN | T13: 3ERA EMISIÓN | X13: 4TA EMISIÓN | AB13: 5TA EMISIÓN | AF13: 6TA EMISIÓN | AJ13: 7ma EMISIÓN | AN13: 8va EMISIÓN | AR13: 9na EMISIÓN | AV13: 10ma EMISIÓN | AZ13: 11ma EMISIÓN | BD13: 12ma EMISIÓN | BH13: 13ra EMISIÓN
A14: ITEM | B14: PÁGINAS | C14: COPIAS CONTROLADAS | D14: CÓDIGO | E14: DESCRIPCIÓN DOCUMENTO | F14: ESPECIALIDAD | G14: REVISIÓN | H14: ACTAS DE ENTREGA | I14: FECHA DE ENTREGA A FABRICA | J14: ESTADO | K14: MOVIMIENTOS DEL DOCUMENTO | L14: REVISION | M14: ACTAS DE ENTREGA | N14: FECHA | O14: Entregado | P14: REVISION | Q14: ACTAS DE ENTREGA | R14: FECHA | S14: Entrega | T14: REVISION | U14: ACTAS DE ENTREGA | V14: FECHA | W14: Entregado | X14: REVISION | Y14: ACTAS DE ENTREGA | Z14: FECHA | AA14: Entregado | AB14: REVISION | AC14: ACTAS DE ENTREGA | AD14: FECHA | AE14: Entregado | AF14: REVISION | AG14: ACTAS DE ENTREGA | AH14: FECHA | AI14: Entregado | AJ14: REVISION | AK14: ACTAS DE ENTREGA | AL14: FECHA | AM14: Entregado | AN14: REVISION | AO14: ACTAS DE ENTREGA | AP14: FECHA | AQ14: Entregado | AR14: REVISION | AS14: ACTAS DE ENTREGA | AT14: FECHA | AU14: Entregado | AV14: REVISION | AW14: ACTAS DE ENTREGA | AX14: FECHA | AY14: Entregado | AZ14: REVISION | BA14: ACTAS DE ENTREGA | BB14: FECHA | BC14: Entregado | BD14: REVISION | BE14: ACTAS DE ENTREGA | BF14: FECHA | BG14: Entregado | BH14: REVISION | BI14: ACTAS DE ENTREGA | BJ14: FECHA | BK14: Entregado
A15: 1 | B15: 2 | C15: 2 PRODUCCIÓN / 1 PLEGADO / 1 EXPEDITOR / 1 CALIDAD | D15: 6021-M-FB-0002 | E15: PLANO PAD GROUND 3713-SEL-1001 | F15: ME | G15: 2 | H15: 92 | I15: 46114 | J15: ENTREGADO | K15: =ROUNDUP(((COUNTA(L15:AI15)/4)/2),0) -> 1 | L15: 1 | M15: 1 | N15: 45923 | O15: ENTREGADO | P15: 2 | Q15: 92 | R15: 46114 | S15: ENTREGADO
A16: 2 | B16: 2 | C16: 2 PRODUCCIÓN / 1 PLEGADO / 1 EXPEDITOR / 1 CALIDAD | D16: 6021-M-FB-0042 | E16: PLANO PAD GROUND 3762-SEL-1101 | F16: ME | G16: 0 | H16: 92 | I16: 46114 | J16: ENTREGADO | K16: =ROUNDUP(((COUNTA(L16:AI16)/4)/2),0) -> 1 | L16: 0 | M16: 92 | N16: 46114 | O16: ENTREGADO
A17: 3 | B17: 2 | C17: 2 PRODUCCIÓN / 1 PLEGADO / 1 EXPEDITOR / 1 CALIDAD | D17: 6021-M-FB-0043 | E17: PLANO PAD GROUND 3762-SEL-1201 | F17: ME | G17: 0 | H17: 92 | I17: 46114 | J17: ENTREGADO | K17: =ROUNDUP(((COUNTA(L17:AI17)/4)/2),0) -> 1 | L17: 0 | M17: 92 | N17: 46114 | O17: ENTREGADO
A18: 4 | B18: 1 | C18: 4 PRODUCCIÓN | D18: 6021-M-FB-0001 | E18: PLANO CANCAMO DE IZAJE | F18: ME | G18: 2 | H18: 48 | I18: 46069 | J18: ENTREGADO | K18: =ROUNDUP(((COUNTA(L18:AI18)/4)/2),0) -> 1 | L18: 1 | M18: 12 | N18: 45995 | O18: ENTREGADO | P18: 2 | Q18: 48 | R18: 46069 | S18: ENTREGADO
A19: 5 | B19: 5 | C19: 3 PRODUCCIÓN / 1 EXPEDITOR | D19: N23CC02-PEL01-0000-300ME-00002 | E19: PLANO DE UNIÓN DE MÓDULOS SALA ELÉCTRICA 3713-SEL 1001 / 3762-SEL-1101 / 3762-SEL-1201 | F19: ME | G19: 3 | H19: 49 | I19: 46070 | J19: ENTREGADO | K19: =ROUNDUP(((COUNTA(L19:AI19)/4)/2),0) -> 3 | L19: B | M19: 2 | N19: 45938 | O19: ENTREGADO | P19: 0 | Q19: 7 | R19: 45964 | S19: ENTREGADO | T19: 1 | U19: 15 | V19: 46007 | W19: ENTREGADO | X19: 2 | Y19: 26 | Z19: 46034 | AA19: Entregado | AB19: 3 | AC19: 49 | AD19: 46070 | AE19: ENTREGADO
A20: 6 | B20: 21 | C20: 2 PRODUCCIÓN / 1 EXPEDITOR / 1 CALIDAD | D20: N23CC02-PEL01-3713-300ME-00001 | E20: PLANO DETALLE ESTRUCTURAL BASE SALA ELÉCTRICA 3713-SEL-1001 | F20: ME | G20: 2 | H20: 94 | I20: 46125 | J20: ENTREGADO | K20: =ROUNDUP(((COUNTA(L20:AI20)/4)/2),0) -> 3 | L20: B | M20: 2 | N20: 45938 | O20: ENTREGADO | P20: B | Q20: 6 | R20: 45958 | S20: ENTREGADO | T20: 0 | U20: 7 | V20: 45964 | W20: ENTREGADO | X20: 0_RL1 | Y20: 8 | Z20: 45971 | AA20: ENTREGADO | AB20: 0_RL2 | AC20: 10 | AD20: 45993 | AE20: ENTREGADO | AF20: 0_RL3 | AG20: 13 | AH20: 46002 | AI20: ENTREGADO | AJ20: 0_RL4 | AK20: 18 | AL20: 46010 | AM20: ENTREGADO | AN20: 1 | AO20: 61 | AP20: 46086 | AQ20: ENTREGADO | AR20: 2 | AS20: 94 | AT20: 46125
A21: 63 | B21: 7 | C21: 2 PRODUCCIÓN / 1 EXPEDITOR / 1 CALIDAD | D21: 66OP12044-INN-PRET-ME-PL0288 | E21: DISPOSICIÓN Y DETALLES CALADOS DE PISO 3713-SEL-1001 | F21: ME | G21: 2_RL1 | H21: 90 | I21: 46113 | J21: ENTREGADO | K21: =ROUNDUP(((COUNTA(L21:AI21)/4)/2),0) -> 1 | L21: 2 | M21: 61 | N21: 46086 | O21: ENTREGADO | P21: 2_RL1 | Q21: 90 | R21: 46113 | S21: ENTREGADO
A22: 8 | B22: 9 | C22: 2 PRODUCCIÓN / 1 EXPEDITOR / 1 CALIDAD | D22: N23CC02-PEL01-3713-300ME-00002 | E22: PLANO DE DETALLE ESTRUCTURAL PILARES SALA ELÉCTRICA 3713-SEL-1001 | F22: ME | G22: 2 | H22: 85 | I22: 46107 | J22: ENTREGADO | K22: =ROUNDUP(((COUNTA(L22:AI22)/4)/2),0) -> 3 | L22: 0 | M22: 7 | N22: 45964 | O22: ENTREGADO | P22: 0_RL1 | Q22: 11 | R22: 45992 | S22: ENTREGADO | T22: 1 | U22: 20 | V22: 46022 | W22: Entregado | X22: 1_RL2 | Y22: 72 | Z22: 46098 | AA22: ENTREGADO | AB22: 2 | AC22: 85 | AD22: 46107 | AE22: ENTREGADO
A23: 9 | B23: 5 | C23: 3 PRODUCCIÓN | D23: 6021-M-FB-1001 | E23: PLANO BOTA AGUA PORTON Y PUERTA | F23: ME | G23: 0 | H23: 14 | I23: 46006 | J23: ENTREGADO | K23: =ROUNDUP(((COUNTA(L23:AI23)/4)/2),0) -> 1 | L23: 0 | M23: 14 | N23: 46006 | O23: ENTREGADO
A24: 10 | B24: 15 | C24: 2 PRODUCCIÓN / 1 PLEGADO 1 EXPEDITOR / 1 CALIDAD | D24: 66OP12044-INN-PRET-ME-PL0466 | E24: PLANO DE DISPOSICIÓN Y DETALLES DE PLATAFORMAS, BARANDAS Y ESCALERAS SALA ELÉCTRICA 3717-SEL-1001 | F24: ME | G24: 2 | H24: 81 | I24: º | J24: ENTREGADO | K24: =ROUNDUP(((COUNTA(L24:AI24)/4)/2),0) -> 2 | L24: 0 | M24: 42 | N24: 46056 | O24: ENTREGADO | P24: 1 | Q24: 50 | R24: 46071 | S24: Entregado | T24: 1_RL2 | U24: 68 | V24: 46094 | W24: Entregado | X24: 2 | Y24: 81 | Z24: 46106
A25: 11 | B25: 11 | C25: 2 PRODUCCIÓN / 1 EXPEDITOR / 1 CALIDAD | D25: N23CC02-PEL01-3762-300ME-00002 | E25: PLANO DE DETALLE ESTRUCTURAL PILARES SALA ELÉCTRICA 3762-SEL-1101 | F25: ME | G25: 2 | H25: 85 | I25: 46107 | J25: ENTREGADO | K25: =ROUNDUP(((COUNTA(L25:AI25)/4)/2),0) -> 2 | L25: 0 | M25: 7 | N25: 45964 | O25: ENTREGADO | P25: 0_RL1 | Q25: 11 | R25: 45992 | S25: ENTREGADO | T25: 1 | U25: 20 | V25: 46022 | W25: Entregado | X25: 2 | Y25: 85 | Z25: 46107 | AA25: ENTREGADO
A26: 12 | B26: 5 | C26: 3 PRODUCCIÓN | D26: 6021-M-FB-1002 | E26: PLANO BOTA AGUA EQUIPOS | F26: ME | G26: 0 | H26: 14 | I26: 46006 | J26: ENTREGADO | K26: =ROUNDUP(((COUNTA(L26:AI26)/4)/2),0) -> 1 | L26: 0 | M26: 14 | N26: 46006 | O26: ENTREGADO
A27: 13 | B27: 11 | C27: 2 PRODUCCIÓN / 1 EXPEDITOR / 1 CALIDAD | D27: N23CC02-PEL01-3762-300ME-00005 | E27: PLANO DE DETALLE ESTRUCTURAL PILARES SALA ELÉTRICA 3762-SEL-1201 | F27: ME | G27: 2 | H27: 85 | I27: 46107 | J27: ENTREGADO | K27: =ROUNDUP(((COUNTA(L27:AI27)/4)/2),0) -> 2 | L27: 0 | M27: 7 | N27: 45964 | O27: ENTREGADO | P27: 0_RL1 | Q27: 11 | R27: 45992 | S27: ENTREGADO | T27: 1 | U27: 20 | V27: 46022 | W27: Entregado | X27: 2 | Y27: 85 | Z27: 46107 | AA27: ENTREGADO
A28: 14 | B28: 9 | C28: 2 PRODUCCIÓN / 1 PLEGADO / 1 EXPEDITOR / 1 CALIDAD | D28: N23CC02-PEL01-3713-300ME-00003 | E28: PLANO DE DETALLE ESTRUCTURAL TECHOS SALA ELÉCTRICA 3713-SEL-1001 | F28: ME | G28: 1_RL5 | H28: 93 | I28: 46119 | J28: ENTREGADO | K28: =ROUNDUP(((COUNTA(L28:AI28)/4)/2),0) -> 3 | L28: 0 | M28: 7 | N28: 45964 | O28: ENTREGADO | P28: 0_RL1 | Q28: 14 | R28: 46006 | S28: ENTREGADO | T28: 1 | U28: 21 - Producción / 22 Calidad | V28: 46028 | W28: ENTREGADO | X28: 1_RL1 | Y28: 38 | Z28: 46049 | AA28: ENTREGADO | AB28: 1_RL3 | AC28: 71 | AD28: 46098 | AE28: ENTREGADO | AF28: 1_RL4 | AG28: 84 | AH28: 46107 | AI28: ENTREGADO | AJ28: 1_RL5 | AK28: 93 | AL28: 46119 | AM28: ENTREGADO
A29: 15 | B29: 1 | C29: 3 PRODUCCIÓN | D29: 6021-M-FB-1000 | E29: PLANO ATIESADOR | F29: ME | G29: 1 | H29: 16 | I29: 46008 | J29: ENTREGADO | K29: =ROUNDUP(((COUNTA(L29:AI29)/4)/2),0) -> 1 | L29: 0 | M29: 3 | N29: 45943 | O29: ENTREGADO | P29: 1 | Q29: 16 | R29: 46008 | S29: ENTREGADO
A30: 16 | B30: 3 | C30: 4 PRODUCCIÓN | D30: 6021-M-FB-0003 | E30: PLANO PANEL TÍPICO MURO INT. Y EXT. | F30: ME | G30: 2 | H30: 43 | I30: 46056 | J30: ENTREGADO | K30: =ROUNDUP(((COUNTA(L30:AI30)/4)/2),0) -> 2 | L30: 0 | M30: 4 | N30: 45946 | O30: ENTREGADO | P30: 1 | Q30: 25 | R30: 46031 | S30: ENTREGADO | T30: 2 | U30: 43 | V30: 46056 | W30: ENTREGADO
A31: 17 | B31: 1 | C31: 3 PRODUCCIÓN | D31: 6021-M-FB-0004 | E31: PLANO PANEL TÍPICO TECHO | F31: ME | G31: 1 | H31: 5 | I31: 45946 | J31: ENTREGADO | K31: =ROUNDUP(((COUNTA(L31:AI31)/4)/2),0) -> 1 | L31: 0 | M31: 4 | N31: 45946 | O31: ENTREGADO | P31: 1 | Q31: 5 | R31: 45958 | S31: ENTREGADO
A32: 18 | B32: 2 | C32: 4 PRODUCCIÓN / 1 EXPEDITOR | D32: 6021-M-FB-0005 | E32: PLANO PANEL TÍPICO CIELO | F32: ME | G32: 2 | H32: 44 | I32: 46056 | J32: ENTREGADO | K32: =ROUNDUP(((COUNTA(L32:AI32)/4)/2),0) -> 2 | L32: 0 | M32: 4 | N32: 45946 | O32: ENTREGADO | P32: 1 | Q32: 5 | R32: 45958 | S32: ENTREGADO | T32: 2 | U32: 44 | V32: 46056 | W32: ENTREGADO
A33: 19 | B33: 2 | C33: 2 PRODUCCIÓN | D33: 6021-M-FB-0101 | E33: DEFORMACIÓN ADMISIBLE BASE ESTRUCTURAL 3713-SEL-1001 | F33: ME | G33: 0 | H33: 9 | I33: 45972 | J33: ENTREGADO | K33: =ROUNDUP(((COUNTA(L33:AI33)/4)/2),0) -> 1 | L33: 0 | M33: 9 | N33: 45972 | O33: ENTREGADO
A34: 20 | B34: 2 | C34: 2 PRODUCCIÓN | D34: 6021-M-FB-0201 | E34: DEFORMACIÓN ADMISIBLE BASE ESTRUCTURAL 3762-SEL-1101 | F34: ME | G34: 0 | H34: 9 | I34: 45972 | J34: ENTREGADO | K34: =ROUNDUP(((COUNTA(L34:AI34)/4)/2),0) -> 1 | L34: 0 | M34: 9 | N34: 45973 | O34: ENTREGADO
A35: 21 | B35: 2 | C35: 2 PRODUCCIÓN | D35: 6021-M-FB-0301 | E35: DEFORMACIÓN ADMISIBLE BASE ESTRUCTURAL 3762-SEL-1202 | F35: ME | G35: 0 | H35: 9 | I35: 45973 | J35: ENTREGADO | K35: =ROUNDUP(((COUNTA(L35:AI35)/4)/2),0) -> 1 | L35: 0 | M35: 9 | N35: 45974 | O35: ENTREGADO
A36: 22 | B36: 11 | C36: 2 PRODUCCIÓN / 1 EXPEDITOR / 1 CALIDAD | D36: N23CC02-PEL01-3762-300ME-00003 | E36: PLANO DE DETALLE ESTRUCTURAL TECHOS SALA ELÉCTRICA 3762-SEL-1101 | F36: ME | G36: 1_RL4 | H36: 87 | I36: 46107 | J36: ENTREGADO | K36: =ROUNDUP(((COUNTA(L36:AI36)/4)/2),0) -> 3 | L36: 0 | M36: 7 | N36: 45964 | O36: ENTREGADO | P36: 0_RL1 | Q36: 14 | R36: 46006 | S36: ENTREGADO | T36: 1 | U36: 21 - Producción / 22 Calidad | V36: 46028 | W36: ENTREGADO | X36: 1_RL1 | Y36: 38 | Z36: 46049 | AA36: ENTREGADO | AB36: 1_RL3 | AC36: 71 | AD36: 46098 | AE36: ENTREGADO | AF36: 1_RL4 | AG36: 87 | AH36: 46107
A37: 23 | B37: 11 | C37: 2 PRODUCCIÓN / 1 EXPEDITOR / 1 CALIDAD | D37: N23CC02-PEL01-3762-300ME-00006 | E37: PLANO DE DETALLE ESTRUCTURAL TECHOS SALA ELÉCTRICA 3762-SEL-1201 | F37: ME | G37: 1_RL4 | H37: 87 | I37: 46107 | J37: ENTREGADO | K37: =ROUNDUP(((COUNTA(L37:AI37)/4)/2),0) -> 3 | L37: 0 | M37: 7 | N37: 45964 | O37: ENTREGADO | P37: 0_RL1 | Q37: 14 | R37: 46006 | S37: ENTREGADO | T37: 1 | U37: 21 - Producción / 22 Calidad | V37: 46028 | W37: ENTREGADO | X37: 1_RL1 | Y37: 38 | Z37: 46049 | AA37: ENTREGADO | AB37: 1_RL3 | AC37: 71 | AD37: 46098 | AE37: ENTREGADO | AF37: 1_RL4 | AG37: 87 | AH37: 46107
A38: 24 | B38: 1 | C38: 5 PRODUCCIÓN / 1 CALIDAD | D38: 6021-M-FB-0010 | E38: PLANO PLACAS REFUERZO | F38: ME | G38: 1 | H38: 18 | I38: 46010 | J38: ENTREGADO | K38: =ROUNDUP(((COUNTA(L38:AI38)/4)/2),0) -> 1 | L38: 0 | M38: 16 | N38: 46008 | O38: ENTREGADO | P38: 1 | Q38: 18 | R38: 46010 | S38: ENTREGADO
A39: 25 | B39: 2 | C39: 4 PRODUCCIÓN | D39: 6021-M-FB-0009 | E39: DETALLE DE MONTAJE PLANCHA DE PISO | F39: ME | G39: 3 | H39: 36 | I39: 46042 | J39: ENTREGADO | K39: =ROUNDUP(((COUNTA(L39:AI39)/4)/2),0) -> 2 | L39: 0 | M39: 17 | N39: 46008 | O39: ENTREGADO | P39: 1 | Q39: 24 | R39: 46029 | S39: ENTREGADO | T39: 2 | U39: 25 | V39: 46031 | W39: ENTREGADO | X39: 3 | Y39: 36 | Z39: 46042 | AA39: ENTREGADO
A40: 26 | B40: 2 | C40: 4 PRODUCCIÓN / 1 CALIDAD | D40: 6021-M-FB-0012 | E40: PLANO DETALLE SOLDADURA | F40: ME | G40: 0 | H40: 19 | I40: 46014 | J40: ENTREGADO | K40: =ROUNDUP(((COUNTA(L40:AI40)/4)/2),0) -> 1 | L40: 0 | M40: 19 | N40: 46014 | O40: ENTREGADO
A41: 27 | B41: 6 | C41: 3 PRODUCCIÓN | D41: 6021-M-FB-0102 | E41: DISPOSICIÓN PLANCHA DE PISO 3713-SEL-1001 | F41: ME | G41: 0 | H41: 23 | I41: 46029 | J41: ENTREGADO | K41: =ROUNDUP(((COUNTA(L41:AI41)/4)/2),0) -> 1 | L41: 0 | M41: 23 | N41: 46029 | O41: ENTREGADO
A42: 28 | B42: 8 | C42: 4 PRODUCCIÓN | D42: 6021-M-FB-0302 | E42: DISPOSICIÓN PLANCHA DE PISO 3762-1201 | F42: ME | G42: 0 | H42: 24 | I42: 46029 | J42: ENTREGADO | K42: =ROUNDUP(((COUNTA(L42:AI42)/4)/2),0) -> 1 | L42: 0 | M42: 24 | N42: 46029 | O42: ENTREGADO
A43: 29 | B43: 4 | C43: 4 PRODUCCIÓN | D43: N23CC02-PEL01-3713-400ME-00001 | E43: DETALLE DE ANCLAJES Y REACCINES 3713-SEL-1001 | F43: ME | G43: 1 | H43: 25 | I43: 46031 | J43: ENTREGADO | K43: =ROUNDUP(((COUNTA(L43:AI43)/4)/2),0) -> 1 | L43: 1 | M43: 25 | N43: 46031 | O43: ENTREGADO
A44: 30 | B44: 4 | C44: 4 PRODUCCIÓN | D44: N23CC02-PEL01-3762-400ME-00001 | E44: DETALLE DE ANCLAJES Y REACCINES 3762-SEL-1101 | F44: ME | G44: 1 | H44: 25 | I44: 46031 | J44: ENTREGADO | K44: =ROUNDUP(((COUNTA(L44:AI44)/4)/2),0) -> 1 | L44: 1 | M44: 25 | N44: 46031 | O44: ENTREGADO
A45: 31 | B45: 4 | C45: 4 PRODUCCIÓN | D45: N23CC02-PEL01-3762-400ME-00002 | E45: DETALLE DE ANCLAJES Y REACCINES 3762-SEL-1201 | F45: ME | G45: 1 | H45: 25 | I45: 46031 | J45: ENTREGADO | K45: =ROUNDUP(((COUNTA(L45:AI45)/4)/2),0) -> 1 | L45: 1 | M45: 25 | N45: 46031 | O45: ENTREGADO
A46: 32 | B46: 1 | C46: 3 PRODUCCIÓN | D46: 6021-M-FB-0013 | E46: PLANO DETALLE ARRIOSTRAMIENTO PILARES 3713-SEL-1001 | F46: ME | G46: 1 | H46: 37 | I46: 46045 | J46: ENTREGADO | K46: =ROUNDUP(((COUNTA(L46:AI46)/4)/2),0) -> 1 | L46: 0 | M46: 26 | N46: 46036 | O46: ENTREGADO | P46: 1 | Q46: 37 | R46: 46045 | S46: ENTREGADO
A47: 33 | B47: 2 | C47: 3 PRODUCCIÓN | D47: 6021-M-FB-0014 | E47: PLANO DETALLE ARRIOSTRAMIENTO PILARES 3762-SEL-1201 | F47: ME | G47: 1 | H47: 37 | I47: 46045 | J47: ENTREGADO | K47: =ROUNDUP(((COUNTA(L47:AI47)/4)/2),0) -> 1 | L47: 0 | M47: 26 | N47: 46036 | O47: ENTREGADO | P47: 1 | Q47: 37 | R47: 46045 | S47: ENTREGADO
A48: 34 | B48: 2 | C48: 3 PRODUCCIÓN | D48: 6021-M-FB-0015 | E48: PLANO DETALLE ARRIOSTRAMIENTO PILARES 3762-SEL-1101 | F48: ME | G48: 1 | H48: 37 | I48: 46045 | J48: ENTREGADO | K48: =ROUNDUP(((COUNTA(L48:AI48)/4)/2),0) -> 1 | L48: 0 | M48: 28 | N48: 46036 | O48: ENTREGADO | P48: 1 | Q48: 37 | R48: 46045 | S48: ENTREGADO
A49: 35 | B49: 8 | C49: 4 PRODUCCIÓN | D49: 6021-M-FB-0202 | E49: DISPOSICIÓN PLANCHA DE PISO 3762-1101 | F49: ME | G49: 1 | H49: 32 | I49: 46037 | J49: ENTREGADO | K49: =ROUNDUP(((COUNTA(L49:AI49)/4)/2),0) -> 1 | L49: 0 | M49: 28 | N49: 46036 | O49: ENTREGADO | P49: 1 | Q49: 32 | R49: 46037 | S49: Entregado
A50: 36 | B50: 1 | C50: 4 PRODUCCIÓN | D50: 6021-M-FB-0007 | E50: PLANO PELDAÑOS | F50: ME | G50: 1 | H50: 30 | I50: 46036 | J50: ENTREGADO | K50: =ROUNDUP(((COUNTA(L50:AI50)/4)/2),0) -> 1 | L50: 1 | M50: 30 | N50: 46036 | O50: ENTREGADO
A51: 37 | B51: 2 | C51: 4 PRODUCCIÓN | D51: 6021-PLA-ME-0002 | E51: PLANO VANO PUERTA ACCESO EQUIPOS SALA ELÉCTRICA | F51: ME | G51: 0 | H51: 34 | I51: 46041 | J51: ENTREGADO | K51: =ROUNDUP(((COUNTA(L51:AI51)/4)/2),0) -> 1 | L51: 0 | M51: 34 | N51: 46041 | O51: ENTREGADO
A52: 38 | B52: 2 | C52: 4 PRODUCCIÓN | D52: 6021-PLA-ME-0003 | E52: PLANO VANO PUERTA ACCESO PERSONAS SALA ELÉCTRICA | F52: ME | G52: 0 | H52: 34 | I52: 46041 | J52: ENTREGADO | K52: =ROUNDUP(((COUNTA(L52:AI52)/4)/2),0) -> 0
A53: 39 | B53: 2 | C53: 4 PRODUCCIÓN | D53: 6021-PLA-ME-0004 | E53: PLANO VANO PUERTA INTERIOR ACCESO PERSONAS SALA ELÉCTRICA | F53: ME | G53: 0 | H53: 34 | I53: 46041 | J53: ENTREGADO | K53: =ROUNDUP(((COUNTA(L53:AI53)/4)/2),0) -> 0
A54: 40 | B54: 1 | C54: 2 PRODUCCIÓN | D54: 6021-M-FB-0030 | E54: DETALLE CÁNCAMO A CHASÍS | F54: ME | G54: 0 | H54: 57 | I54: 46080 | J54: ENTREGADO | K54: =ROUNDUP(((COUNTA(L54:AI54)/4)/2),0) -> 1 | L54: 0 | M54: 57 | N54: 46080 | O54: ENTREGADO
A55: 41 | B55: 2 | C55: 4 PRODUCCIÓN | D55: 6021-M-FB-0033 | E55: PLANO DISPOSICIÓN DE PLANTILLA PLATAFORMAS 3717-SEL-0101 | F55: ME | G55: 0 | H55: 35 | I55: 46042 | J55: ENTREGADO | K55: =ROUNDUP(((COUNTA(L55:AI55)/4)/2),0) -> 1 | L55: 0 | M55: 35 | N55: 46041 | O55: ENTREGADO
A56: 42 | D56: 6021-M-FB-0034 | E56: PLANO DISPOSICIÓN DE PLANTILLA PLATAFORMAS 5310-SEL-0001 | F56: ME | G56: 2 | H56: 66 | I56: 46091 | J56: ENTREGADO | K56: =ROUNDUP(((COUNTA(L56:AI56)/4)/2),0) -> 1 | L56: 1 | M56: 39 | N56: 46048 | O56: ENTREGADO | P56: 2 | Q56: 66 | R56: 46091 | S56: ENTREGADO
A57: 43 | D57: 66OP12044-INN-PRET-ME-PL0676 | E57: PLANO DE DISPOSICIÓN Y DETALLES DE PLATAFORMAS, BARANDAS Y ESCALERAS SALA ELÉCTRICA 5310-SEL-0101 | F57: ME | G57: 1_RL2 | H57: 73 | I57: 46099 | J57: ENTREGADO | K57: =ROUNDUP(((COUNTA(L57:AI57)/4)/2),0) -> 2 | L57: 0 | M57: 42 | N57: 46056 | O57: ENTREGADO | P57: 1 | Q57: 51 | R57: 46072 | S57: ENTREGADO | T57: 1_RL1 | U57: 58 | V57: 46080 | W57: ENTREGADO | X57: 1_RL2 | Y57: 73 | Z57: 46099 | AA57: ENTREGADO
A58: 44 | B58: 28 | C58: PRODUCCIÓN / 1 EXPEDITOR | D58: 66OP12044-INN-PRET-ME-PL1284 | E58: PLANO DE DISPOSICIÓN Y DETALLES DE PLATAFORMAS, BARANDAS Y ESCALERAS SALA ELÉCTRICA 5432-SEL-0001 (LAYOUT DISPOSICIÓN PLATAFORMAS) | F58: ME | G58: 1_RL1 | H58: 62 | I58: 46086 | J58: ENTREGADO | K58: =ROUNDUP(((COUNTA(L58:AI58)/4)/2),0) -> 2 | L58: 0 | M58: 42 | N58: 46056 | O58: ENTREGADO | P58: 1 | Q58: 54 | R58: 46078 | S58: ENTREGADO | T58: 1_RL1 | U58: 62 | V58: 46086 | W58: ENTREGADO
A59: 45 | B59: 6 | C59: 2 PRODUCCIÓN / 1 EXPEDITOR | D59: 6021-M-FB-0103 | E59: PLANO DISPOSICIÓN REFURZO EPC - 3713-SEL-1001 - 2 | F59: ME | G59: 2 | H59: 65 | I59: 46091 | J59: ENTREGADO | K59: =ROUNDUP(((COUNTA(L59:AI59)/4)/2),0) -> 2 | L59: 0 | M59: 45 | N59: 46062 | O59: ENTREGADO | P59: 1 | Q59: 55 | R59: 46078 | S59: ENTREGADO | T59: 2 | U59: 65 | V59: 46091
A60: 46 | B60: 8 | C60: 2 PRODUCCIÓN / 1 EXPEDITOR | D60: 6021-M-FB-0203 | E60: PLANO DISPOSICIÓN REFURZO EPC - 3762-SEL-1101 - 2 | F60: ME | G60: 2 | H60: 65 | I60: 46091 | J60: ENTREGADO | K60: =ROUNDUP(((COUNTA(L60:AI60)/4)/2),0) -> 2 | L60: 0 | M60: 45 | N60: 46062 | O60: ENTREGADO | P60: 1 | Q60: 59 | R60: 46084 | S60: ENTREGADO | T60: 2 | U60: 65 | V60: 46091
A61: 47 | B61: 8 | C61: 2 PRODUCCIÓN / 1 EXPEDITOR | D61: 6021-M-FB-0303 | E61: PLANO DISPOSICIÓN REFURZO EPC - 3762-SEL-1201 - 2 | F61: ME | G61: 2 | H61: 65 | I61: 46091 | J61: ENTREGADO | K61: =ROUNDUP(((COUNTA(L61:AI61)/4)/2),0) -> 2 | L61: 0 | M61: 46 | N61: 46063 | O61: ENTREGADO | P61: 1 | Q61: 59 | R61: 46084 | S61: ENTREGADO | T61: 2 | U61: 65 | V61: 46091
A62: 48 | B62: 4 | C62: 4 PRODUCCIÓN / 1 EXPEDITOR / 1 CALIDAD | D62: 6021-M-FB-0020 | E62: PLANCHA DE MURO Y TECHO ANTECAMARA 3713-SEL-1001 / 3762-SEL-1101 / 3762-SEL-1201 | F62: ME | G62: 0 | H62: 86 | I62: 46107 | J62: ENTREGADO | K62: =ROUNDUP(((COUNTA(L62:AI62)/4)/2),0) -> 1 | L62: 0 | M62: 46 | N62: 46064 | O62: ENTREGADO | P62: 0 | Q62: 86 | R62: 46107 | S62: ENTREGADO
A63: 49 | B63: 4 | C63: 4 PRODUCCIÓN | D63: 6021-CBC-FB-001 | E63: OPTIMIZACIÓN PILARES Y CORONAS VANOS PUER… | F63: ME | G63: INF | H63: 47 | I63: 46065 | J63: ENTREGADO | K63: =ROUNDUP(((COUNTA(L63:AI63)/4)/2),0) -> 1 | L63: INF | M63: 47 | N63: 46065 | O63: ENTREGADO
A64: 7 | B64: 9 | C64: 2 PRODUCCIÓN / 1 EXPEDITOR / 1 CALIDAD | D64: 66OP12044-INN-PRET-ME-PL1505 | E64: DISPOSICIÓN Y DETALLES CALADOS DE PISO 3762-SEL-1101 | F64: ME | G64: 2_RL1 | H64: 91 | I64: 46083 | J64: ENTREGADO | K64: =ROUNDUP(((COUNTA(L64:AI64)/4)/2),0) -> 1 | L64: 2 | M64: 64 | N64: 46091 | O64: ENTREGADO | P64: 2_RL1 | Q64: 91 | R64: 46113 | S64: ENTREGADO
A65: 51 | B65: 3 | C65: 4 PRODUCCIÓN / 1 EXPEDITOR / 1 CALIDAD | D65: N23CC02-PEL01-0000-200ME-00001 | E65: LAYOUT ELEMENTO DE IZAJE (MARCO DE IZAJE) | F65: ME | G65: 1 | H65: 83 | I65: 46106 | J65: ENTREGADO | K65: =ROUNDUP(((COUNTA(L65:AI65)/4)/2),0) -> 2 | L65: 0_RL1 | M65: 52 | N65: 46072 | O65: ENTREGADO | P65: 0_RL1 | Q65: 53 | R65: 46077 | S65: ENTREGADO | T65: 1 | U65: 83 | V65: 46106 | W65: ENTREGADO
A66: 52 | B66: 7 | C66: 1 EXPEDITOR / | D66: N23CC02-PEL01-3713-400ME-00002 | E66: PLANO IZAMIENTO 3713-SEL-1001 | F66: ME | G66: 0 | H66: 53 | I66: 46077 | J66: ENTREGADO | K66: =ROUNDUP(((COUNTA(L66:AI66)/4)/2),0) -> 0
A67: 53 | B67: 9 | C67: 1 CALIDAD | D67: N23CC02-PEL01-3762-400ME-00003 | E67: PLANO IZAMIENTO 3762-SEL-1101 | F67: ME | G67: 0 | H67: 53 | I67: 46077 | J67: ENTREGADO | K67: =ROUNDUP(((COUNTA(L67:AI67)/4)/2),0) -> 0
A68: 54 | B68: 9 | C68: 2 PRODUCCIÓN | D68: N23CC02-PEL01-3762-400ME-00004 | E68: PLANO IZAMIENTO 3762-SEL-1201 | F68: ME | G68: 0 | H68: 53 | I68: 46077 | J68: ENTREGADO | K68: =ROUNDUP(((COUNTA(L68:AI68)/4)/2),0) -> 0
A69: 55 | B69: 2 | C69: 1 PRODUCCIÓN | D69: 6021-M-FB-0035 | E69: PLANO DISPOSICIÓN DE PLANTILLA PLATAFORMAS 5432-SEL-0001 | F69: ME | G69: 0 | H69: 40 | I69: 46049 | J69: ENTREGADO | K69: =ROUNDUP(((COUNTA(L69:AI69)/4)/2),0) -> 1 | L69: 0 | M69: 40 | N69: 46049 | O69: ENTREGADO
A70: 56 | B70: 14 | C70: 2 PRODUCCIÓN | D70: 6021-CBC-FB-0002 | E70: PANELES 3717-SEL-0101 | F70: ME | G70: 0 | H70: 58 | I70: 46080 | J70: ENTREGADO | K70: =ROUNDUP(((COUNTA(L70:AI70)/4)/2),0) -> 0
A71: 57 | B71: 40 | C71: 2 PRODUCCIÓN | D71: 6021-CBC-FB-0003 | E71: PLATAFORMAS 5310-SEL-0101 | F71: ME | G71: 0 | H71: 58 | I71: 46080 | J71: ENTREGADO | K71: =ROUNDUP(((COUNTA(L71:AI71)/4)/2),0) -> 0
A72: 58 | D72: 6021-M-FB-0036 | E72: PLANO DISPOSICIÓN DE PLANTILLA PLATAFORMAS 5421-SEL-1001 | F72: ME | G72: 3 | H72: 66 | I72: 46091 | J72: ENTREGADO | K72: =ROUNDUP(((COUNTA(L72:AI72)/4)/2),0) -> 1 | L72: 3 | M72: 66 | N72: 46091 | O72: ENTREGADO
A73: 59 | D73: 6021-M-FB-0037 | E73: PLANO DISPOSICIÓN DE PLANTILLA PLATAFORMAS 5335-SEL-0001 | F73: ME | G73: 0 | H73: 69 | I73: 46094 | J73: ENTREGADO | K73: =ROUNDUP(((COUNTA(L73:AI73)/4)/2),0) -> 0
A74: 60 | B74: 7 | C74: 2 PRODUCCIÓN / 1 CALIDAD / 1 EXPEDITOR | D74: 6021-M-FB-0038 | E74: PLANO PLANTILLA PLATAFORMAS 3713-SEL-1001 | F74: ME | G74: 0 | H74: 60 | I74: 46085 | J74: ENTREGADO | K74: =ROUNDUP(((COUNTA(L74:AI74)/4)/2),0) -> 0
A75: 61 | D75: 6021-M-FB-0039 | E75: PLANO PLANTILLA PLATAFORMAS 3762-SEL-1101 | F75: ME | G75: 1 | H75: 66 | I75: 46091 | J75: ENTREGADO | K75: =ROUNDUP(((COUNTA(L75:AI75)/4)/2),0) -> 1 | L75: 0 | M75: 60 | N75: 46085 | O75: ENTREGADO | P75: 1 | Q75: 66 | R75: 46091 | S75: ENTREGADO
A76: 62 | D76: 6021-M-FB-0040 | E76: PLANO PLANTILLA PLATAFORMAS 3762-SEL-1201 | F76: ME | G76: 1 | H76: 67 | I76: 46093 | J76: ENTREGADO | K76: =ROUNDUP(((COUNTA(L76:AI76)/4)/2),0) -> 1 | L76: 0 | M76: 60 | N76: 46085 | O76: entregado | P76: 1 | Q76: 67 | R76: 46093 | S76: Entregado
A77: 50 | C77: 2 PRODUCCIÓN / 1 EXPEDITOR / 1 CALIDAD | D77: 66OP12044-INN-PRET-ME-PL1705 | E77: DISPOSICIÓN Y DETALLES CALADOS DE PISO 3762-SEL-1201 | F77: ME | G77: 2_RL1 | H77: 91 | I77: 46083 | J77: ENTREGADO | K77: =ROUNDUP(((COUNTA(L77:AI77)/4)/2),0) -> 1 | L77: 2 | M77: 68 | N77: 46094 | O77: ENTREGADO | P77: 2_RL1 | Q77: 91 | R77: 46113 | S77: ENTREGADO
A78: 64 | B78: 27 | C78: 2 PRODUCCIÓN / 1 EXPEDITOR / 1 CALIDAD | D78: N23CC02-PEL01-3762-300ME-00001 | E78: PLANO DETALLE ESTRUCTURAL BASE SALA ELÉCTRICA 3762-SEL-1101 | F78: ME | G78: 2 | H78: 94 | I78: 46125 | J78: ENTREGADO | K78: =ROUNDUP(((COUNTA(L78:AI78)/4)/2),0) -> 3 | L78: B | M78: 2 | N78: 45938 | O78: ENTREGADO | P78: B | Q78: 6 | R78: 45958 | S78: ENTREGADO | T78: 0 | U78: 7 | V78: 45964 | W78: ENTREGADO | X78: 0_RL1 | Y78: 8 | Z78: 45971 | AA78: ENTREGADO | AB78: 0_RL2 | AC78: 10 | AD78: 45993 | AE78: ENTREGADO | AF78: 0_RL3 | AG78: 13 | AH78: 46002 | AI78: ENTREGADO | AJ78: 0_RL4 | AK78: 18 | AL78: 46010 | AM78: ENTREGADO | AN78: 1 | AO78: 64 | AP78: 46091 | AQ78: ENTREGADO | AR78: 2 | AS78: 94 | AT78: 46125
A79: 65 | B79: 27 | C79: 2 PRODUCCIÓN / 1 EXPEDITOR / 1 CALIDAD | D79: N23CC02-PEL01-3762-300ME-00004 | E79: PLANO DETALLE ESTRUCTURAL BASE SALA ELÉCTRICA 3762-SEL-1201 | F79: ME | G79: 2 | H79: 94 | I79: 46125 | J79: ENTREGADO | K79: =ROUNDUP(((COUNTA(L79:AI79)/4)/2),0) -> 3 | L79: B | M79: 2 | N79: 45938 | O79: ENTREGADO | P79: B | Q79: 6 | R79: 45958 | S79: ENTREGADO | T79: 0 | U79: 7 | V79: 45964 | W79: ENTREGADO | X79: 0_RL1 | Y79: 8 | Z79: 45971 | AA79: ENTREGADO | AB79: 0_RL2 | AC79: 10 | AD79: 45993 | AE79: ENTREGADO | AF79: 0_RL3 | AG79: 13 | AH79: 46002 | AI79: ENTREGADO | AJ79: 0_RL4 | AK79: 18 | AL79: 46010 | AM79: ENTREGADO | AN79: 1 | AO79: 68 | AP79: 46094 | AQ79: ENTREGADO | AR79: 2 | AS79: 94 | AT79: 46125
A80: 66 | B80: 9 | C80: 4 PRODUCCIÓN / 1 PLEGADO 1 EXPEDITOR / 1 CALIDAD | D80: 6021-M-FB-0011 | E80: PLANO ESTRUCTURA ANTECAMARA | F80: ME | G80: 5 | H80: 89 | I80: 46112 | J80: ENTREGADO | K80: =ROUNDUP(((COUNTA(L80:AI80)/4)/2),0) -> 3 | L80: 0 | M80: 33 | N80: 46037 | O80: ENTREGADO | P80: 1 | Q80: 41 | R80: 46051 | S80: ENTREGADO | T80: 2 | U80: 57 | V80: 46080 | W80: ENTREGADO | X80: 3 | Y80: 63 | Z80: 46087 | AA80: ENTREGADO | AB80: 4 | AC80: 79 | AD80: 46105 | AE80: ENTREGADO | AF80: 5 | AG80: 89 | AH80: 46112 | AI80: ENTREGADO
A81: 67 | B81: 2 | C81: 4 PRODUCCIÓN | D81: 6021-M-FB-0016 | E81: PLANO UNIÓN DE MÓDULO JUNTA DE DILATACIÓN | F81: ME | G81: 1 | H81: 31 | I81: 46037 | J81: ENTREGADO | K81: =ROUNDUP(((COUNTA(L81:AI81)/4)/2),0) -> 1 | L81: 0 | M81: 29 | N81: 46036 | O81: ENTREGADO | P81: 1 | Q81: 31 | R81: 46037 | S81: ENTREGADO
A82: 68 | B82: 14 | C82: 4 PRODUCCIÓN | D82: 6021-M-FB-0017 | E82: PLANO SEPARACIÓN DEJUNTA DE DILATACIÓN | F82: ME | G82: 0 | H82: 56 | I82: 46079 | J82: ENTREGADO | K82: =ROUNDUP(((COUNTA(L82:AI82)/4)/2),0) -> 1 | L82: 0 | M82: 56 | N82: 46079 | O82: ENTREGADO
A83: 69 | D83: 6021-M-FB-0019 | E83: PLANO DE UBICACIÓN DE FALDÓN | F83: ME | G83: 0 | H83: 70 | I83: 46098 | J83: ENTREGADO | K83: =ROUNDUP(((COUNTA(L83:AI83)/4)/2),0) -> 1 | L83: 0 | M83: 70 | N83: 46098 | O83: ENTREGADO
A84: 70 | D84: 66OP12044-INN-PRET-ME-PL1095 | E84: LAYOUT DISPOSICIÓN PLATAFORMAS 5421-SEL-1001 | F84: ME | G84: 0_RL1 | H84: 74 | I84: 46099 | J84: ENTREGADO | K84: =ROUNDUP(((COUNTA(L84:AI84)/4)/2),0) -> 1 | L84: 0_RL1 | M84: 74 | N84: 46099 | O84: ENTREGADO
A85: 71 | B85: 5 | C85: 2 copias perdidas en producción y se entregó una tercera copia por esa razón el 13-04-26 | D85: 66OP12044-INN-PRET-ME-PL0290 | E85: PLANO DE PASADA DE EQUIPOS HVAC Y PRESURIZADOR SALA 3713-SEL-1001 | F85: ME | G85: 1 | H85: 77 | I85: 46099 | J85: ENTREGADO | K85: =ROUNDUP(((COUNTA(L85:AI85)/4)/2),0) -> 1 | L85: 0_RL4 | M85: 75 | N85: 46099 | O85: ENTREGADO | P85: 1 | Q85: 77 | R85: 46100 | S85: ENTREGADO
A86: 72 | B86: 6 | C86: 2 PRODUCCIÓN / 1 EXPEDITOR / 1 CALIDAD | D86: 66OP12044-INN-PRET-ME-PL1507 | E86: PLANO DE PASADA DE EQUIPOS HVAC Y PRESURIZADOR SALA 3762-SEL-1101 | F86: ME | G86: 1 | H86: 78 | I86: 46105 | J86: ENTREGADO | K86: =ROUNDUP(((COUNTA(L86:AI86)/4)/2),0) -> 1 | L86: 0_RL4 | M86: 75 | N86: 46099 | O86: ENTREGADO | P86: 1 | Q86: 78 | R86: 46105 | S86: ENTREGADO
A87: 73 | B87: 6 | C87: 2 PRODUCCIÓN / 1 PLEGADO / 1 EXPEDITOR / 1 CALIDAD | D87: 66OP12044-INN-PRET-ME-PL1707 | E87: PLANO DE PASADA DE EQUIPOS HVAC Y PRESURIZADOR SALA 3762-SEL-1201 | F87: ME | G87: 1 | H87: 88 | I87: 46108 | J87: ENTREGADO | K87: =ROUNDUP(((COUNTA(L87:AI87)/4)/2),0) -> 1 | L87: 0_RL4 | M87: 75 | N87: 46099 | O87: ENTREGADO | P87: 1 | Q87: 88 | R87: 46108 | S87: ENTREGADO
A88: 74 | D88: 66OP12044-INN-PRET-ME-PL0295 | E88: LAYOUT PLATAFORMAS 3713-SEL-1001 | F88: ME | G88: 0 | H88: 76 | I88: 46100 | J88: ENTREGADO | K88: =ROUNDUP(((COUNTA(L88:AI88)/4)/2),0) -> 1 | L88: 0 | M88: 76 | N88: 46100 | O88: ENTREGADO
A89: 75 | B89: 8 | C89: 2 PRODUCCIÓN / 1 EXPEDITOR / 1 CALIDAD | D89: 6021-M-FB-0041 | E89: DISPOSICIÓN DE PAD GROUND ESCALERAS 3713-SEL-1001 | F89: ME | G89: 0 | H89: 80 | I89: 46105 | J89: ENTREGADO | K89: =ROUNDUP(((COUNTA(L89:AI89)/4)/2),0) -> 1 | L89: 0 | M89: 80 | N89: 46105 | O89: ENTREGADO | AB89: 0 | AC89: 80 | AD89: 46105 | AE89: ENTREGADO
A90: 76 | B90: 3 | C90: 2 PRODUCCIÓN / 1 PLEGADO 1 EXPEDITOR / 1 CALIDAD | D90: 66OP12044-INN-PRET-ME-PL0293 | E90: DISPOSICIÓN PARARRAYOS 3713-SEL-1001 | F90: ME | G90: 0 | H90: 82 | I90: 46106 | J90: ENTREGADO | K90: =ROUNDUP(((COUNTA(L90:AI90)/4)/2),0) -> 1 | L90: 0 | M90: 82 | N90: 46106 | O90: ENTREGADO
A91: 77 | B91: 4 | C91: 2 PRODUCCIÓN / 1 PLEGADO 1 EXPEDITOR / 1 CALIDAD | D91: 66OP12044-INN-PRET-ME-PL1510 | E91: DISPOSICIÓN PARARRAYOS 3762-SEL-1101 | F91: ME | G91: 0 | H91: 82 | I91: 46106 | J91: ENTREGADO | K91: =ROUNDUP(((COUNTA(L91:AI91)/4)/2),0) -> 1 | L91: 0 | M91: 82 | N91: 46106 | O91: ENTREGADO
A92: 78 | B92: 4 | C92: 2 PRODUCCIÓN / 1 PLEGADO 1 EXPEDITOR / 1 CALIDAD | D92: 66OP12044-INN-PRET-ME-PL1710 | E92: DISPOSICIÓN PARARRAYOS 3762-SEL-1201 | F92: ME | G92: 0 | H92: 82 | I92: 46106 | J92: ENTREGADO | K92: =ROUNDUP(((COUNTA(L92:AI92)/4)/2),0) -> 1 | L92: 0 | M92: 82 | N92: 46106 | O92: ENTREGADO
A93: 79 | K93: =ROUNDUP(((COUNTA(L93:AI93)/4)/2),0) -> 0
A94: 80 | K94: =ROUNDUP(((COUNTA(L94:AI94)/4)/2),0) -> 0
A95: 81 | K95: =ROUNDUP(((COUNTA(L95:AI95)/4)/2),0) -> 0
A96: 82 | K96: =ROUNDUP(((COUNTA(L96:AI96)/4)/2),0) -> 0
A97: 83 | K97: =ROUNDUP(((COUNTA(L97:AI97)/4)/2),0) -> 0
A98: 84 | K98: =ROUNDUP(((COUNTA(L98:AI98)/4)/2),0) -> 0
A99: 85 | K99: =ROUNDUP(((COUNTA(L99:AI99)/4)/2),0) -> 0
A100: 86 | K100: =ROUNDUP(((COUNTA(L100:AI100)/4)/2),0) -> 0
A101: 87 | K101: =ROUNDUP(((COUNTA(L101:AI101)/4)/2),0) -> 0
A102: 88 | K102: =ROUNDUP(((COUNTA(L102:AI102)/4)/2),0) -> 0
A103: 89 | K103: =ROUNDUP(((COUNTA(L103:AI103)/4)/2),0) -> 0
A104: 90 | K104: =ROUNDUP(((COUNTA(L104:AI104)/4)/2),0) -> 0

Sheet Criticidad
A1: SALA / TAG | B1: CÓDIGO SEGURA | C1: CÓDIGO INN | D1: DESCRIPCIÓN DE DOCUMENTO | E1: COMPROMISO DE ENTREGA SEGURA (1 semana corrida) | F1: CRITICIDAD | G1: COMENTARIO INTERNO | H1: ESPECIALIDAD
A2: ALL | B2: 6021-PLA-ME-0006 | C2: 66OP12044-INN-PRET-ME-PL0166 | D2: PLANO DETALLES DE SELLOS MECÁNICOS (SELLOS ROXTEC) | E2: 2 SEMANAS, UNA VEZ RECIBIDA LA INFORMACIÓN DE LOS SELLOS ROXTEC POR PARTE DE INN | F2: 3 | G2: Documento condicionado e envio de información por INN | H2: ME
A3: 3713-SEL-1001 | B3: 6021-LST-ME-0101 | C3: 66OP12044-INN-PRET-GE-LS0281 | D3: LISTADO DE MATERIALES SALA ELÉCTRICA 3713-SEL-1001 | E3: 46002 | F3: * | H3: ME
A4: 3762-SEL-1101 | B4: 6021-LST-ME-0201 | C4: 66OP12044-INN-PRET-GE-LS1498 | D4: LISTADO DE MATERIALES SALA ELÉCTRICA 3762-SEL-1101 | E4: 46002 | F4: * | H4: ME
A5: 3762-SEL-1201 | B5: 6021-LST-ME-0301 | C5: 66OP12044-INN-PRET-GE-LS1698 | D5: LISTADO DE MATERIALES SALA ELÉCTRICA 3762-SEL-1202 | E5: 46002 | F5: * | H5: ME
A6: 3713-SEL-1001 | B6: 6021-PRO-ME-0110 | C6: 66OP12044-INN-PRET-ME-PL0206 | D6: ESQUEMA DE IZAJE Y MANIOBRAS, INCLUYE PESO Y CENTRO DE MASA SALA ELÉCTRICA 3713-SEL-1001 | E6: 45979 | F6: 3 | H6: ME
A7: 3762-SEL-1101 | B7: 6021-PRO-ME-0210 | C7: 66OP12044-INN-PRET-ME-PL1406 | D7: ESQUEMA DE IZAJE Y MANIOBRAS, INCLUYE PESO Y CENTRO DE MASA SALA ELÉCTRICA 3762-SEL-1101 | E7: 45979 | F7: 3 | H7: ME
A8: 3762-SEL-1201 | B8: 6021-PRO-ME-0310 | C8: 66OP12044-INN-PRET-ME-PL1606 | D8: ESQUEMA DE IZAJE Y MANIOBRAS, INCLUYE PESO Y CENTRO DE MASA SALA ELÉCTRICA 3762-SEL-1201 | E8: 45979 | F8: 3 | H8: ME
A9: ALL | B9: 6021-PRO-ME-0001 | C9: 66OP12044-INN-PRET-GE-PR0187 | D9: PROCEDIMIENTO DE TRANSPORTE TERRESTRE SALA ELÉCTRICA | E9: 45989 | F9: 3 | H9: ME
A10: ALL | B10: 6021-MNL-ME-0001 | C10: 66OP12044-INN-PRET-EL-MA0019 | D10: MANUAL DE OPERACIÓN SALAS ELÉCTRICAS | E10: 45989 | F10: 3 | H10: ME
A11: ALL | B11: 6021-MNL-ME-0002 | C11: 66OP12044-INN-PRET-ME-MA0017 | D11: MANUAL DE INSTALACIÓN SALAS ELÉCTRICAS | E11: 45989 | F11: 3 | H11: ME
A12: ALL | B12: 6021-MNL-ME-0003 | C12: 66OP12044-INN-PRET-EL-MA0018 | D12: MANUAL DE MANTENIMIENTO SALAS ELÉCTRICAS | E12: 45989 | F12: 3 | H12: ME
A13: 3713-SEL-1001 | B13: 6021-PLA-ME-0112 | C13: 66OP12044-INN-PRET-ME-PL0293 | D13: PLANO DISPOSICIÓN PARARRAYOS SALA ELÉCTRICA 3713-SEL-1001 | E13: 2 SEMANAS, UNA VEZ RECIBIDO EL ESTUDIO DE APANTALLAMIENTO POR PARTE DE INN | F13: 3 | H13: ME
A14: 3762-SEL-1101 | B14: 6021-PLA-ME-0212 | C14: 66OP12044-INN-PRET-ME-PL1510 | D14: PLANO DISPOSICIÓN PARARRAYOS SALA ELÉCTRICA 3762-SEL-1101 | E14: 2 SEMANAS, UNA VEZ RECIBIDO EL ESTUDIO DE APANTALLAMIENTO POR PARTE DE INN | F14: 3 | H14: ME
A15: 3762-SEL-1201 | B15: 6021-PLA-ME-0312 | C15: 66OP12044-INN-PRET-ME-PL1710 | D15: PLANO DISPOSICIÓN PARARRAYOS SALA ELÉCTRICA 3762-SEL-1202 | E15: 2 SEMANAS, UNA VEZ RECIBIDO EL ESTUDIO DE APANTALLAMIENTO POR PARTE DE INN | F15: 3 | H15: ME
A16: ALL | B16: 6021-PRO-ME-0002 | C16: 66OP12044-INN-PRET-GE-PR0021 | D16: PROCEDIMIENTO DE EMBALAJES, PREPARACIÓN Y MANIPULACIÓN Y ENVÍOS | E16: 45989 | F16: 3 | H16: ME
A17: 3713-SEL-1001 | B17: 6021-CER-ME-0101 | C17: 66OP12044-INN-PRET-ME-CE0291 | D17: CERTIFICADO DE INDIVISIBILIDAD SALA ELÉCTRICA 3713-SEL-1001 | E17: 45989 | F17: 3 | H17: ME
A18: 3762-SEL-1101 | B18: 6021-CER-ME-0201 | C18: 66OP12044-INN-PRET-ME-CE1508 | D18: CERTIFICADO DE INDIVISIBILIDAD SALA ELÉCTRICA 3762-SEL-1101 | E18: 45989 | F18: 3 | H18: ME
A19: 3762-SEL-1201 | B19: 6021-CER-ME-0301 | C19: 66OP12044-INN-PRET-ME-CE1708 | D19: CERTIFICADO DE INDIVISIBILIDAD SALA ELÉCTRICA 3762-SEL-1202 | E19: 45989 | F19: 3 | H19: ME
A20: 5310-SEL-0101 | B20: 6021-MDC-ME-0401 | C20: 66OP12044-INN-PRET-ME-MC0617 | D20: MEMORIA DE CÁLCULO SÍSMICO ESTRUCTURAL PLATAFORMAS SALA ELÉCTRICA 5310-SEL-0101 | E20: A DEFINIR | F20: 2 | H20: ME
A21: 3762-SEL-1101 | B21: 6021-MDC-ME-0202 | C21: 66OP12044-INN-PRET-ME-MC1417 | D21: MEMORIA DE CÁLCULO SÍSMICO ESTRUCTURAL PLATAFORMAS SALA ELÉCTRICA 3762-SEL-1101 | E21: A DEFINIR | F21: 2 | H21: ME
A22: 3762-SEL-1201 | B22: 6021-MDC-ME-0302 | C22: 66OP12044-INN-PRET-ME-MC1617 | D22: MEMORIA DE CÁLCULO SÍSMICO ESTRUCTURAL PLATAFORMAS SALA ELÉCTRICA 3762-SEL-1201 | E22: A DEFINIR | F22: 2 | H22: ME
A23: 3762-SEL-1101 | B23: 6021-PLA-ME-0207 | C23: 66OP12044-INN-PRET-ME-PL1512 | D23: PLANO DE DISPOSICIÓN Y DETALLES DE PLATAFORMAS, BARANDAS Y ESCALERAS SALA ELÉCTRICA 3762-SEL-1101 | E23: 45978 | F23: 2 | H23: ME
A24: 3762-SEL-1201 | B24: 6021-PLA-ME-0307 | C24: 66OP12044-INN-PRET-ME-PL1712 | D24: PLANO DE DISPOSICIÓN Y DETALLES DE PLATAFORMAS, BARANDAS Y ESCALERAS SALA ELÉCTRICA 3762-SEL-1201 | E24: 45978 | F24: 2 | H24: ME
A25: 5310-SEL-0101 | B25: 6021-PLA-ME-0401 | C25: 66OP12044-INN-PRET-ME-PL0676 | D25: PLANO DE DISPOSICIÓN Y DETALLES DE PLATAFORMAS, BARANDAS Y ESCALERAS SALA ELÉCTRICA 5310-SEL-0101 | E25: 45978 | F25: 2 | H25: ME

Sheet SDI o TRL CLIENTE
H3: CONTROL DOCUMENTAL
H4: MASTER INGENIERÍA
H5: CÓDIGO
H6: B
H7: =TODAY() -> 46130
B8: INFORMACIÓN ENTREGADA POR CLIENTE (EXCEPTO TRANSMITTALS CON ESTATUS DE ENTREGABLES ) | F8: DETALLE | CC8: COMENTARIOS CLIENTE | CG8: EMISIÓN | CK8: COMENTARIOS CLIENTE | CO8: EMISIÓN | CS8: COMENTARIOS CLIENTE | CW8: EMISIÓN | DA8: COMENTARIOS CLIENTE | DE8: EMISIÓN | DI8: COMENTARIOS CLIENTE | DM8: EMISIÓN | DQ8: COMENTARIOS CLIENTE | DU8: EMISIÓN | DY8: COMENTARIOS CLIENTE
B9: ITEM | C9: CÓDIGO SDI,TRL o CORREO DE RESPALDO INNOMOTICS | D9: DESCRIPCIÓN DOCUMENTO | E9: ESPECIALIDAD | F9: CANTIDAD DE ARCHIVOS | G9: FECHA DE RECEPCIÓN | H9: ESTATUS | CA9: TIEMPO RESPUESTA | CB9: FECHA | CC9: TRANSMITTAL SIEMENS | CD9: FECHA | CE9: TIEMPO RESPUESTA | CF9: OBS | CG9: REVISION | CH9: TRANSMITTAL SEH | CI9: TIEMPO RESPUESTA | CJ9: FECHA | CK9: TRANSMITTAL SIEMENS | CL9: FECHA | CM9: TIEMPO RESPUESTA | CN9: OBS | CO9: REVISION | CP9: TRANSMITTAL SEH | CQ9: TIEMPO RESPUESTA | CR9: FECHA | CS9: TRANSMITTAL SIEMENS | CT9: FECHA | CU9: TIEMPO RESPUESTA | CV9: OBS | CW9: REVISION | CX9: TRANSMITTAL SEH | CY9: TIEMPO RESPUESTA | CZ9: FECHA | DA9: TRANSMITTAL SIEMENS | DB9: FECHA | DC9: TIEMPO RESPUESTA | DD9: OBS | DE9: REVISION | DF9: TRANSMITTAL SEH | DG9: TIEMPO RESPUESTA | DH9: FECHA | DI9: TRANSMITTAL SIEMENS | DJ9: FECHA | DK9: TIEMPO RESPUESTA | DL9: OBS | DM9: REVISION | DN9: TRANSMITTAL SEH | DO9: TIEMPO RESPUESTA | DP9: FECHA | DQ9: TRANSMITTAL SIEMENS | DR9: FECHA | DS9: TIEMPO RESPUESTA | DT9: OBS | DU9: REVISION | DV9: TRANSMITTAL SEH | DW9: TIEMPO RESPUESTA | DX9: FECHA | DY9: TRANSMITTAL SIEMENS | DZ9: FECHA | EA9: TIEMPO RESPUESTA | EB9: OBS
B10: 1 | C10: 66OP12044-INN-SEH-T0001 | D10: INFORMACIÓN DE INICIO // ITP METALMECÁNICO Y PROGRAMA DE INSPECCIONES 3 // KOM INN-SEGURA // MATRIZ COMUNICACIONES INN | E10: ME-QA | F10: 5 PDF / 1 EXCEL / 1 ZIP | G10: 45881 | H10: INFORMATIVO
B11: 2 | C11: 66OP12044-INN-SEH-T0002 | D11: ESPECIFICACIONES TÉCNICAS DE SALAS // ESTÁNDARES DE DISEÑO BARANDAS // LAYOUT // LISTADO DE EQUIPOS // ENTREGABLES METALMECÁNICOS TALABRE | E11: ME | F11: 1 ZIP CON 4 CARPETAS + PDF de Entregables Metalmecánicos solicitados por cliente (Descarga por Wetransfer, ya que secufex arrojaba error de carga) | G11: 45887 | H11: INFORMATIVO
B12: 3 | C12: 66OP12044-INN-SEH-T0003 | D12: RESPUESTA A SDI MECÁNICA SEGURA Nº1_660P12044-INN-SEH-SDI001 | E12: ME | F12: 1 PDF | G12: 45888 | H12: INFORMATIVO
B13: 4 | C13: 66OP12044-INN-SEH-T0004 | D13: FORMATOS PLANOS CAD Y PORTADA DOCUMENTOS | E13: ME | F13: 2 (1 WORD Y 1 CAD) | G13: 45890 | H13: INFORMATIVO
B14: 5 | C14: 66OP12044-INN-SEH-T0008 | D14: INFORMACIÓN DE EQUIPOS PLANOS CCM / PLANOS CDC / PLANOS GIS-SWG / LISTADO DE EQUIPOS / DIMENSIONES UPS / PLANOS VDF / LAYOUT DWG E INFO DE CALADOS | E14: ME - EL | F14: 1 ZIP_SECUFEX PDF , EXCEL Y DWG (29 dctos) | G14: 45895 | H14: INFORMATIVO
B15: 6 | C15: CORREO MARCELO-RENE-JOHAN 29.08.25_VIGA UPN300 VALIDACIÓN | D15: VALIDACIÓN VIGA UPN300 | E15: ME | F15: 1 CORREO | G15: 45898 | H15: INFORMACIÓN PARA COMPRA
B16: 7 | C16: CORREO RAMÓN 02.09.25_RESPUESTAS A CONSULTAS DE T0008 LISTADO DE EQUIPOS | D16: CANTIDAD A CONSIDERAR EN LISTADO DE EQUIPOS (RESPUESTA A CORREO DE JEAN) | E16: ME | F16: 1 CORREO | G16: 45902 | H16: INFORMACIÓN DE EQUIPOS PARA ING
B17: 8 | C17: 66OP12044-INN-SEH-T0011 | D17: HOJA DE DATOS SALA ELÉCTRICA TIPO CONTENEDOR (CÓD. N23CC02-PEL01-0000-HDDEL-00001) | E17: ME | F17: 1 PDF | G17: 45903 | H17: INFOMATIVO
B18: 9 | C18: 66OP12044-INN-SEH-T0013 | D18: DOCUMENTACIÓN SDI Nª3 INN , ADENDA EE.TT , INFO DE SUELOS, CRITERIOS DE DISEÑO , ESQUEMAS DE PINTURA | E18: ME | F18: 6 PDF | G18: 45910 | H18: INFORMATIVO
B19: 10 | C19: 66OP12044-INN-SEH-T0015 | D19: INFORME DE INSPECCIÓN Nº1_09.09.25 | E19: QA | F19: 1 PDF | G19: 45912 | H19: INFOMATIVO
B20: 11 | C20: 66OP12044-INN-SEH-T0016 | D20: SDI 0003 Y PEDESTALES (CRITERIO DE DISEÑO Y COMENTARIOS CODELCO) | E20: ME | F20: 2 PDF | G20: 45912 | H20: INFORMATIVO
B21: 12 | C21: 66OP12044-INN-SEH-T0017 | D21: LAYOUT PLATAFORMAS | E21: ME | F21: 3 PDF | G21: 45916 | H21: INFORMATIVO
... B57: 48 | C57: 66OP12044-INN-SEH-T0053 | D57: PLANOS MECÁNICOS | E57: ME | F57: 9 PDF | G57: 45964 | H57: APROBADO Y APROBADO CON COMENTARIOS
B58: 49 | C58: 66OP12044-INN-SEH-T0054 | D58: PLANOS ESTRUCTURALES BASE | E58: ME | F58: 3 PDF | G58: 45964
B59: 50 | C59: 66OP12044-INN-SEH-T0055 | D59: PLANO UNIÓN DE MODULOS | E59: ME | F59: 1 PDF | G59: 45964 | H59: APROBADO CON COMENTARIOS
B60: 51 | C60: 66OP12044-INN-SEH-T0056 | D60: LOAYOUT INFORMATIVOS + PLANOS VISTAS UNA SALA + IZAMIENTO | E60: ME | F60: 10 PDF | G60: 45965 | H60: INFORMATIVO Y APROBADOS CON COMENTARIOS
B61: 52 | C61: 66OP12044-INN-SEH-T0057 | D61: DOCUMENTOS CALIDAD / COMENTARIOS DE SEH SOBRE DOCUMENTO CREADO POR INN | E61: QA | F61: 4 PDF | G61: 45965 | H61: APROBADOS CON COMENTARIOS
B62: 53 | C62: 66OP12044-INN-SEH-T0058 | D62: DOCUMENTOS MECANICOS APROBADOS CON COMENTARIOS E INFORMATIVOS | E62: ME | F62: 15 PDF | G62: 45966 | H62: APROBADOS CON COMENTARIOS E INFORMATIVOS
B63: 54 | C63: 66OP12044-INN-SEH-T0059 | D63: PLANO PLANTA VISTAS Y SECCIONES / LISTADO DE EQUIPOS 3762-1201 + LOYOUT GENERAL | E63: ME | F63: 3 PDF | G63: 45971 | H63: APROBADOS E INFORMATIVOS
B64: 55 | C64: 66OP12044-INN-SEH-T0060
B65: 56 | C65: 66OP12044-INN-SEH-T0061
B66: 57 | C66: 66OP12044-INN-SEH-T0062
B67: 58 | C67: 66OP12044-INN-SEH-T0063
B68: 59
B69: 60
B70: 61

Sheet MASTER U3
M3: NOMBRE ARCHIVO: | N3: CONTROL DOCUMENTAL
M4: HOJA: | N4: MASTER INGENIERÍA
M5: CÓDIGO: | N5: CÓDIGO
M6: REVISIÓN: | N6: B
M7: FECHA: | N7: =TODAY() -> 46130
B8: INFORMACIÓN ENVIADA Y RECIBIDA POR U3 | D8: CANTIDAD DE DOCUMENTOS | G8: =SUBTOTAL(3,G10:G2019) -> 4 | J8: RESUMEN | R8: 1ERA EMISIÓN | V8: COMENTARIOS CLIENTE | Z8: 2DA EMISIÓN | AD8: COMENTARIOS CLIENTE | AH8: 3ERA EMISIÓN | AL8: COMENTARIOS CLIENTE | AP8: 4TA EMISIÓN | AT8: COMENTARIOS CLIENTE | AX8: 5TA EMISIÓN | BB8: COMENTARIOS CLIENTE | BF8: 6TA EMISIÓN | BJ8: COMENTARIOS CLIENTE | BN8: 7MA EMISIÓN | BR8: COMENTARIOS CLIENTE | BV8: 8VA EMISIÓN | BZ8: COMENTARIOS CLIENTE | CD8: 9NA EMISIÓN | CH8: COMENTARIOS CLIENTE | CL8: 10MA EMISIÓN | CP8: COMENTARIOS CLIENTE | CT8: EMISIÓN | CX8: COMENTARIOS CLIENTE | DB8: EMISIÓN | DF8: COMENTARIOS CLIENTE | DJ8: EMISIÓN | DN8: COMENTARIOS CLIENTE | DR8: EMISIÓN | DV8: COMENTARIOS CLIENTE | DZ8: EMISIÓN | ED8: COMENTARIOS CLIENTE | EH8: EMISIÓN | EL8: COMENTARIOS CLIENTE | EP8: EMISIÓN | ET8: COMENTARIOS CLIENTE | EX8: EMISIÓN | FB8: COMENTARIOS CLIENTE | FF8: EMISIÓN | FJ8: COMENTARIOS CLIENTE | FN8: EMISIÓN | FR8: COMENTARIOS CLIENTE | FV8: EMISIÓN | FZ8: COMENTARIOS CLIENTE | GD8: EMISIÓN | GH8: COMENTARIOS CLIENTE | GL8: EMISIÓN | GP8: COMENTARIOS CLIENTE
B9: ITEM | C9: SALA / TAG | D9: CÓDIGO SEGURA | E9: CÓDIGO INN | F9: CÓDIGO CODELCO CHUQUICAMATA | G9: DESCRIPCIÓN DE DOCUMENTO | H9: COMPROMISO DE ENTREGA | I9: ESPECIALIDAD | J9: REVISIÓN | K9: ACTA DE ENVÍO O TRL | L9: FECHA ÚLTIMO ENVÍO SEH | M9: FECHA RESPUESTA CLIENTE | N9: ESTATUS | O9: INDICADOR SEH | P9: DÍAS EN REVISIÓN INN | Q9: N° EMISIONES REALIZADAS | R9: REVISION | S9: TRANSMITTAL SEH | T9: TIEMPO RESPUESTA | U9: FECHA EMITIDO | V9: TRANSMITTAL | W9: FECHA | X9: TIEMPO RESPUESTA | Y9: OBS | Z9: REVISION | AA9: TRANSMITTAL SEH | AB9: TIEMPO RESPUESTA | AC9: FECHA | AD9: TRANSMITTAL | AE9: FECHA | AF9: TIEMPO RESPUESTA | AG9: OBS | AH9: REVISION | AI9: TRANSMITTAL SEH | AJ9: TIEMPO RESPUESTA | AK9: FECHA | AL9: TRANSMITTAL | AM9: FECHA | AN9: TIEMPO RESPUESTA | AO9: OBS | AP9: REVISION | AQ9: TRANSMITTAL SEH | AR9: TIEMPO RESPUESTA | AS9: FECHA | AT9: TRANSMITTAL | AU9: FECHA | AV9: TIEMPO RESPUESTA | AW9: OBS | AX9: REVISION | AY9: TRANSMITTAL SEH | AZ9: TIEMPO RESPUESTA | BA9: FECHA | BB9: TRANSMITTAL | BC9: FECHA | BD9: TIEMPO RESPUESTA | BE9: OBS | BF9: REVISION | BG9: TRANSMITTAL SEH | BH9: TIEMPO RESPUESTA | BI9: FECHA | BJ9: TRANSMITTAL | BK9: FECHA | BL9: TIEMPO RESPUESTA | BM9: OBS | BN9: REVISION | BO9: TRANSMITTAL SEH | BP9: TIEMPO RESPUESTA | BQ9: FECHA | BR9: TRANSMITTAL | BS9: FECHA | BT9: TIEMPO RESPUESTA | BU9: OBS | BV9: REVISION | BW9: TRANSMITTAL SEH | BX9: TIEMPO RESPUESTA | BY9: FECHA | BZ9: TRANSMITTAL | CA9: FECHA | CB9: TIEMPO RESPUESTA | CC9: OBS | CD9: REVISION | CE9: TRANSMITTAL SEH | CF9: TIEMPO RESPUESTA | CG9: FECHA | CH9: TRANSMITTAL | CI9: FECHA | CJ9: TIEMPO RESPUESTA | CK9: OBS | CL9: REVISION | CM9: TRANSMITTAL SEH | CN9: TIEMPO RESPUESTA | CO9: FECHA | CP9: TRANSMITTAL SIEMENS | CQ9: FECHA | CR9: TIEMPO RESPUESTA | CS9: OBS | CT9: REVISION | CU9: TRANSMITTAL SEH | CV9: TIEMPO RESPUESTA | CW9: FECHA | CX9: TRANSMITTAL SIEMENS | CY9: FECHA | CZ9: TIEMPO RESPUESTA | DA9: OBS | DB9: REVISION | DC9: TRANSMITTAL SEH | DD9: TIEMPO RESPUESTA | DE9: FECHA | DF9: TRANSMITTAL SIEMENS | DG9: FECHA | DH9: TIEMPO RESPUESTA | DI9: OBS | DJ9: REVISION | DK9: TRANSMITTAL SEH | DL9: TIEMPO RESPUESTA | DM9: FECHA | DN9: TRANSMITTAL SIEMENS | DO9: FECHA | DP9: TIEMPO RESPUESTA | DQ9: OBS | DR9: REVISION | DS9: TRANSMITTAL SEH | DT9: TIEMPO RESPUESTA | DU9: FECHA | DV9: TRANSMITTAL SIEMENS | DW9: FECHA | DX9: TIEMPO RESPUESTA | DY9: OBS | DZ9: REVISION | EA9: TRANSMITTAL SEH | EB9: TIEMPO RESPUESTA | EC9: FECHA | ED9: TRANSMITTAL SIEMENS | EE9: FECHA | EF9: TIEMPO RESPUESTA | EG9: OBS | EH9: REVISION | EI9: TRANSMITTAL SEH | EJ9: TIEMPO RESPUESTA | EK9: FECHA | EL9: TRANSMITTAL SIEMENS | EM9: FECHA | EN9: TIEMPO RESPUESTA | EO9: OBS | EP9: REVISION | EQ9: TRANSMITTAL SEH | ER9: TIEMPO RESPUESTA | ES9: FECHA | ET9: TRANSMITTAL SIEMENS | EU9: FECHA | EV9: TIEMPO RESPUESTA | EW9: OBS | EX9: REVISION | EY9: TRANSMITTAL SEH | EZ9: TIEMPO RESPUESTA | FA9: FECHA | FB9: TRANSMITTAL SIEMENS | FC9: FECHA | FD9: TIEMPO RESPUESTA | FE9: OBS | FF9: REVISION | FG9: TRANSMITTAL SEH | FH9: TIEMPO RESPUESTA | FI9: FECHA | FJ9: TRANSMITTAL SIEMENS | FK9: FECHA | FL9: TIEMPO RESPUESTA | FM9: OBS | FN9: REVISION | FO9: TRANSMITTAL SEH | FP9: TIEMPO RESPUESTA | FQ9: FECHA | FR9: TRANSMITTAL SIEMENS | FS9: FECHA | FT9: TIEMPO RESPUESTA | FU9: OBS | FV9: REVISION | FW9: TRANSMITTAL SEH | FX9: TIEMPO RESPUESTA | FY9: FECHA | FZ9: TRANSMITTAL SIEMENS | GA9: FECHA | GB9: TIEMPO RESPUESTA | GC9: OBS | GD9: REVISION | GE9: TRANSMITTAL SEH | GF9: TIEMPO RESPUESTA | GG9: FECHA | GH9: TRANSMITTAL SIEMENS | GI9: FECHA | GJ9: TIEMPO RESPUESTA | GK9: OBS | GL9: REVISION | GM9: TRANSMITTAL SEH | GN9: TIEMPO RESPUESTA | GO9: FECHA | GP9: TRANSMITTAL SIEMENS | GQ9: FECHA | GR9: TIEMPO RESPUESTA | GS9: OBS
B10: 1 | C10: ALL | D10: OT6021-ACTA DE ENVÍO U3_001 | E10: N/A | F10: N/A | G10: CRITERIOS DE DISEÑO E INFORMACIÓN CIVIL PARA GENERAR MDC | H10: WETRANSFER | I10: ME-INF | J10: A-A1-B-0-2 | K10: 1 | L10: 45889 | N10: ENTREGADO A U3 | O10: =IF(N10="Aprobado con comentarios / Emitir Rev.0",TODAY()-M10,0) -> 0 | P10: =IF(N10="Revisión INN",TODAY()-L10,0) -> 0 | Q10: =ROUNDUP(((COUNTA(R10:GS10)/4)/2),0) -> 0
B11: 2 | C11: ALL | D11: 6021-SDI-ME-0001 | E11: 660P12044-INN-SEH-SDI001 | F11: N/A | G11: SOLICITUD DE INFORMACIÓN Nº1 - ING.MECÁNICA // RESPONDIDA POR INN | H11: WETRANSFER | I11: ME-INF | J11: 0 | K11: 1 | L11: 45889 | N11: ENTREGADO A U3 | O11: =IF(N11="Aprobado con comentarios / Emitir Rev.0",TODAY()-M11,0) -> 0 | P11: =IF(N11="Revisión INN",TODAY()-L11,0) -> 0 | Q11: =ROUNDUP(((COUNTA(R11:GS11)/4)/2),0) -> 0
B12: 3 | C12: ALL | D12: 6021-LTA-CP-0001_A | E12: N/A | F12: N/A | G12: LISTADO DE ENTREGABLES U3 | H12: WETRANSFER | I12: ME-INF | J12: A | K12: 1 | L12: 45889 | N12: ENTREGADO A U3 | O12: =IF(N12="Aprobado con comentarios / Emitir Rev.0",TODAY()-M12,0) -> 0 | P12: =IF(N12="Revisión INN",TODAY()-L12,0) -> 0 | Q12: =ROUNDUP(((COUNTA(R12:GS12)/4)/2),0) -> 0
B13: 4 | C13: ALL | D13: N/A | E13: N/A | F13: N/A | G13: CORREO JEAN A U3 _Proyectos Seh talabre 6021 Planificación ( PLANOS DISP. DE EQUIPOS / ESTRUCTURAS PRELIMINARES / DCTOS COMPLEMENTARIOS / SOLICITUDES /CÁNCAMOS | H13: CORREO Y WETRANSFER | I13: ME-INF | J13: - | K13: CORREO JEAN A U3 _10.09.25 | L13: 45910 | N13: ENTREGADO A U3 | O13: =IF(N13="Aprobado / Emitir Rev.0",TODAY()-M13,0) -> 0 | P13: =IF(N13="Revisión INN",TODAY()-L13,0) -> 0 | Q13: =ROUNDUP(((COUNTA(R13:GS13)/4)/2),0) -> 0
B14: 5 | O14: =IF(N14="Aprobado con comentarios / Emitir Rev.0",TODAY()-M14,0) -> 0 | P14: =IF(N14="Revisión INN",TODAY()-L14,0) -> 0 | Q14: 0
B15: 6 | O15: =IF(N15="Aprobado con comentarios / Emitir Rev.0",TODAY()-M15,0) -> 0 | P15: =IF(N15="Revisión INN",TODAY()-L15,0) -> 0 | Q15: 0
B16: 7 | O16: =IF(N16="Aprobado con comentarios / Emitir Rev.0",TODAY()-M16,0) -> 0 | P16: =IF(N16="Revisión INN",TODAY()-L16,0) -> 0 | Q16: =ROUNDUP(((COUNTA(R16:GS16)/4)/2),0) -> 0
B17: 8 | O17: =IF(N17="Aprobado / Emitir Rev.B",TODAY()-M17,0) -> 0 | P17: =IF(N17="Revisión INN",TODAY()-L17,0) -> 0 | Q17: =ROUNDUP(((COUNTA(R17:GS17)/4)/2),0) -> 0
B18: 9 | O18: =IF(N18="Aprobado con comentarios / Emitir Rev.B",TODAY()-M18,0) -> 0 | P18: =IF(N18="Revisión INN",TODAY()-L18,0) -> 0 | Q18: =ROUNDUP(((COUNTA(R18:GS18)/4)/2),0) -> 0
B19: 10 | O19: =IF(N19="Aprobado con comentarios / Emitir Rev.0",TODAY()-M19,0) -> 0 | P19: =IF(N19="Revisión INN",TODAY()-L19,0) -> 0 | Q19: =ROUNDUP(((COUNTA(R19:GS19)/4)/2),0) -> 0
B20: 11 | O20: =IF(N20="Rechazado / Reemitir Rev.1",TODAY()-M20,0) -> 0 | P20: =IF(N20="Revisión INN",TODAY()-L20,0) -> 0 | Q20: =ROUNDUP(((COUNTA(R20:GS20)/4)/2),0) -> 0
B21: 12 | O21: =IF(N21="Aprobado con comentarios / Emitir Rev.0",TODAY()-M21,0) -> 0 | P21: =IF(N21="Revisión INN",TODAY()-L21,0) -> 0 | Q21: =ROUNDUP(((COUNTA(R21:GS21)/4)/2),0) -> 0
B22: 13 | O22: =IF(N22="Aprobado con comentarios / Emitir Rev.0",TODAY()-M22,0) -> 0 | P22: =IF(N22="Revisión INN",TODAY()-L22,0) -> 0 | Q22: =ROUNDUP(((COUNTA(R22:GS22)/4)/2),0) -> 0
B23: 14 | O23: =IF(N23="Rechazado / Emitir Rev.B",TODAY()-M23,0) -> 0 | P23: =IF(N23="Revisión INN",TODAY()-L23,0) -> 0 | Q23: =ROUNDUP(((COUNTA(R23:GS23)/4)/2),0) -> 0
B24: 15 | O24: =IF(N24="Aprobado con comentarios / Emitir Rev.0",TODAY()-M24,0) -> 0 | P24: =IF(N24="Revisión INN",TODAY()-L24,0) -> 0 | Q24: =ROUNDUP(((COUNTA(R24:GS24)/4)/2),0) -> 0
B25: 16 | O25: =IF(N25="Aprobado con comentarios / Emitir Rev.B",TODAY()-M25,0) -> 0 | P25: =IF(N25="Revisión INN",TODAY()-L25,0) -> 0 | Q25: =ROUNDUP(((COUNTA(R25:GS25)/4)/2),0) -> 0
B26: 17 | O26: =IF(N26="Aprobado con comentarios / Emitir Rev.B",TODAY()-M26,0) -> 0 | P26: =IF(N26="Revisión INN",TODAY()-L26,0) -> 0 | Q26: =ROUNDUP(((COUNTA(R26:GS26)/4)/2),0) -> 0
B27: 18 | O27: =IF(N27="Aprobado con comentarios / Emitir Rev.B",TODAY()-M27,0) -> 0 | P27: =IF(N27="Revisión INN",TODAY()-L27,0) -> 0 | Q27: =ROUNDUP(((COUNTA(R27:GS27)/4)/2),0) -> 0
B28: 19 | O28: =IF(N28="Aprobado con comentarios / Emitir Rev.0",TODAY()-M28,0) -> 0 | P28: =IF(N28="Revisión INN",TODAY()-L28,0) -> 0 | Q28: =ROUNDUP(((COUNTA(R28:GS28)/4)/2),0) -> 0
B29: 20 | O29: =IF(N29="Aprobado con comentarios / Emitir Rev.0",TODAY()-M29,0) -> 0 | P29: =IF(N29="Revisión INN",TODAY()-L29,0) -> 0 | Q29: =ROUNDUP(((COUNTA(R29:GS29)/4)/2),0) -> 0
B30: 21 | O30: =IF(N30="Aprobado / Emitir Rev.B",TODAY()-M30,0) -> 0 | P30: =IF(N30="Revisión INN",TODAY()-L30,0) -> 0 | Q30: =ROUNDUP(((COUNTA(R30:GS30)/4)/2),0) -> 0
B31: 22 | O31: =IF(N31="Aprobado con comentarios / Emitir Rev.0",TODAY()-M31,0) -> 0 | P31: =IF(N31="Revisión INN",TODAY()-L31,0) -> 0 | Q31: =ROUNDUP(((COUNTA(R31:GS31)/4)/2),0) -> 0
B32: 23 | O32: =IF(N32="Aprobado con comentarios / Emitir Rev.0",TODAY()-M32,0) -> 0 | P32: =IF(N32="REQUIERE RESPUESTA",TODAY()-L32,0) -> 0 | Q32: =ROUNDUP(((COUNTA(R32:GS32)/4)/2),0) -> 0
B33: 24
B34: 25 | O34: =IF(N34="Aprobado con comentarios / Emitir Rev.0",TODAY()-M34,0) -> 0 | P34: =IF(N34="REQUIERE RESPUESTA",TODAY()-L34,0) -> 0 | Q34: =ROUNDUP(((COUNTA(R34:GS34)/4)/2),0) -> 0
B35: 26 | O35: =IF(N35="Aprobado con comentarios / Emitir Rev.0",TODAY()-M35,0) -> 0 | P35: =IF(N35="REQUIERE RESPUESTA",TODAY()-L35,0) -> 0 | Q35: =ROUNDUP(((COUNTA(R35:GS35)/4)/2),0) -> 0
B36: 27 | O36: =IF(N36="Aprobado con comentarios / Emitir Rev.0",TODAY()-M36,0) -> 0 | P36: =IF(N36="REQUIERE RESPUESTA",TODAY()-L36,0) -> 0 | Q36: =ROUNDUP(((COUNTA(R36:GS36)/4)/2),0) -> 0
B37: 28 | O37: =IF(N37="Aprobado con comentarios / Emitir Rev.0",TODAY()-M37,0) -> 0 | P37: =IF(N37="REQUIERE RESPUESTA",TODAY()-L37,0) -> 0 | Q37: =ROUNDUP(((COUNTA(R37:GS37)/4)/2),0) -> 0
B38: 29 | O38: =IF(N38="Aprobado con comentarios / Emitir Rev.0",TODAY()-M38,0) -> 0 | P38: =IF(N38="REQUIERE RESPUESTA",TODAY()-L38,0) -> 0 | Q38: =ROUNDUP(((COUNTA(R38:GS38)/4)/2),0) -> 0
B39: 30 | O39: =IF(N39="Aprobado con comentarios / Emitir Rev.0",TODAY()-M39,0) -> 0 | P39: =IF(N39="REQUIERE RESPUESTA",TODAY()-L39,0) -> 0 | Q39: =ROUNDUP(((COUNTA(R39:GS39)/4)/2),0) -> 0
B40: 31 | O40: =IF(N40="Aprobado con comentarios / Emitir Rev.0",TODAY()-M40,0) -> 0 | P40: =IF(N40="Revisión INN",TODAY()-L40,0) -> 0 | Q40: =ROUNDUP(((COUNTA(R40:GS40)/4)/2),0) -> 0
B41: 32 | O41: =IF(N41="Aprobado con comentarios / Emitir Rev.0",TODAY()-M41,0) -> 0 | P41: =IF(N41="Revisión INN",TODAY()-L41,0) -> 0 | Q41: =ROUNDUP(((COUNTA(R41:GS41)/4)/2),0) -> 0
B42: 33 | O42: =IF(N42="Comentado / Emitir Rev.C",TODAY()-M42,0) -> 0 | P42: =IF(N42="Revisión INN",TODAY()-L42,0) -> 0 | Q42: =ROUNDUP(((COUNTA(R42:GS42)/4)/2),0) -> 0
B43: 34 | O43: =IF(N43="Rechazado / Reemitir Rev.0",TODAY()-M43,0) -> 0 | P43: =IF(N43="Revisión INN",TODAY()-L43,0) -> 0 | Q43: =ROUNDUP(((COUNTA(R43:GS43)/4)/2),0) -> 0
B44: 35 | O44: =IF(N44="Aprobado con comentarios / Emitir Rev.0",TODAY()-M44,0) -> 0 | P44: =IF(N44="Revisión INN",TODAY()-L44,0) -> 0 | Q44: =ROUNDUP(((COUNTA(R44:GS44)/4)/2),0) -> 0
B45: 36 | O45: =IF(N45="Aprobado con comentarios / Emitir Rev.0",TODAY()-M45,0) -> 0 | P45: =IF(N45="Revisión INN",TODAY()-L45,0) -> 0 | Q45: =ROUNDUP(((COUNTA(R45:GS45)/4)/2),0) -> 0
B46: 37 | O46: =IF(N46="Aprobado con comentarios / Reemitir Rev.0",TODAY()-M46,0) -> 0 | P46: =IF(N46="Revisión INN",TODAY()-L46,0) -> 0 | Q46: =ROUNDUP(((COUNTA(R46:GS46)/4)/2),0) -> 0
B47: 38 | O47: =IF(N47="Aprobado con comentarios / Emitir Rev.0",TODAY()-M47,0) -> 0 | P47: =IF(N47="Revisión INN",TODAY()-L47,0) -> 0 | Q47: =ROUNDUP(((COUNTA(R47:GS47)/4)/2),0) -> 0
B48: 39 | O48: =IF(N48="Aprobado con comentarios / Emitir Rev.0",TODAY()-M48,0) -> 0 | P48: =IF(N48="Revisión INN",TODAY()-L48,0) -> 0 | Q48: =ROUNDUP(((COUNTA(R48:GS48)/4)/2),0) -> 0
B49: 40 | O49: =IF(N49="Aprobado con comentarios / Emitir Rev.0",TODAY()-M49,0) -> 0 | P49: =IF(N49="Revisión INN",TODAY()-L49,0) -> 0 | Q49: =ROUNDUP(((COUNTA(R49:GS49)/4)/2),0) -> 0
B50: 41 | O50: =IF(N50="Aprobado con comentarios / Emitir Rev.0",TODAY()-M50,0) -> 0 | P50: =IF(N50="Revisión INN",TODAY()-L50,0) -> 0 | Q50: =ROUNDUP(((COUNTA(R50:GS50)/4)/2),0) -> 0
B51: 42 | O51: =IF(N51="Aprobado con comentarios / Emitir Rev.0",TODAY()-M51,0) -> 0 | P51: =IF(N51="Revisión INN",TODAY()-L51,0) -> 0 | Q51: =ROUNDUP(((COUNTA(R51:GS51)/4)/2),0) -> 0
B52: 43 | O52: =IF(N52="Aprobado con comentarios / Emitir Rev.0",TODAY()-M52,0) -> 0 | P52: =IF(N52="Revisión INN",TODAY()-L52,0) -> 0 | Q52: =ROUNDUP(((COUNTA(R52:GS52)/4)/2),0) -> 0
B53: 44 | O53: =IF(N53="Aprobado con comentarios / Emitir Rev.0",TODAY()-M53,0) -> 0 | P53: =IF(N53="Revisión INN",TODAY()-L53,0) -> 0 | Q53: =ROUNDUP(((COUNTA(R53:GS53)/4)/2),0) -> 0
B54: 45 | O54: =IF(N54="Aprobado con comentarios / Emitir Rev.0",TODAY()-M54,0) -> 0 | P54: =IF(N54="Revisión INN",TODAY()-L54,0) -> 0 | Q54: =ROUNDUP(((COUNTA(R54:GS54)/4)/2),0) -> 0
B55: 46 | O55: =IF(N55="Comentado / Emitir Rev.0",TODAY()-M55,0) -> 0 | P55: =IF(N55="Revisión INN",TODAY()-L55,0) -> 0 | Q55: =ROUNDUP(((COUNTA(R55:GS55)/4)/2),0) -> 0
B56: 47 | O56: =IF(N56="Comentado / Emitir Rev.0",TODAY()-M56,0) -> 0 | P56: =IF(N56="Revisión INN",TODAY()-L56,0) -> 0 | Q56: =ROUNDUP(((COUNTA(R56:GS56)/4)/2),0) -> 0
B57: 48 | O57: =IF(N57="Aprobado con comentarios / Emitir Rev.c",TODAY()-M57,0) -> 0 | P57: =IF(N57="Revisión INN",TODAY()-L57,0) -> 0 | Q57: =ROUNDUP(((COUNTA(R57:GS57)/4)/2),0) -> 0
B58: 49 | O58: =IF(N58="Aprobado con comentarios / Emitir Rev.0",TODAY()-M58,0) -> 0 | P58: =IF(N58="Revisión INN",TODAY()-L58,0) -> 0 | Q58: =ROUNDUP(((COUNTA(R58:GS58)/4)/2),0) -> 0
B59: 50 | O59: =IF(N59="Rechazado / Reemitir Rev.0",TODAY()-M59,0) -> 0 | P59: =IF(N59="Revisión INN",TODAY()-L59,0) -> 0 | Q59: =ROUNDUP(((COUNTA(R59:GS59)/4)/2),0) -> 0
B60: 51 | O60: =IF(N60="Aprobado con comentarios / Emitir Rev.0",TODAY()-M60,0) -> 0 | P60: =IF(N60="Revisión INN",TODAY()-L60,0) -> 0 | Q60: =ROUNDUP(((COUNTA(R60:GS60)/4)/2),0) -> 0
B61: 52 | O61: =IF(N61="Rechazado / Reemitir Rev.0",TODAY()-M61,0) -> 0 | P61: =IF(N61="Revisión INN",TODAY()-L61,0) -> 0 | Q61: =ROUNDUP(((COUNTA(R61:GS61)/4)/2),0) -> 0
B62: 53 | O62: =IF(N62="Rechazado / Reemitir Rev.0",TODAY()-M62,0) -> 0 | P62: =IF(N62="Revisión INN",TODAY()-L62,0) -> 0 | Q62: =ROUNDUP(((COUNTA(R62:GS62)/4)/2),0) -> 0
B63: 54 | O63: =IF(N63="Aprobado con comentarios / Emitir Rev.0",TODAY()-M63,0) -> 0 | P63: =IF(N63="Revisión INN",TODAY()-L63,0) -> 0 | Q63: =ROUNDUP(((COUNTA(R63:GS63)/4)/2),0) -> 0
B64: 55 | O64: =IF(N64="Rechazado / Reemitir Rev.0",TODAY()-M64,0) -> 0 | P64: =IF(N64="Revisión INN",TODAY()-L64,0) -> 0 | Q64: =ROUNDUP(((COUNTA(R64:GS64)/4)/2),0) -> 0
B65: 56 | O65: =IF(N65="Rechazado / Reemitir Rev.0",TODAY()-M65,0) -> 0 | P65: =IF(N65="Revisión INN",TODAY()-L65,0) -> 0 | Q65: =ROUNDUP(((COUNTA(R65:GS65)/4)/2),0) -> 0
B66: 57 | O66: =IF(N66="Aprobado con comentarios / Emitir Rev.0",TODAY()-M66,0) -> 0 | P66: =IF(N66="Revisión INN",TODAY()-L66,0) -> 0 | Q66: =ROUNDUP(((COUNTA(R66:GS66)/4)/2),0) -> 0
B67: 58 | O67: =IF(N67="Comentado / Reemiir Rev.0",TODAY()-M67,0) -> 0 | P67: =IF(N67="Revisión INN",TODAY()-L67,0) -> 0 | Q67: =ROUNDUP(((COUNTA(R67:GS67)/4)/2),0) -> 0
B68: 59 | O68: =IF(N68="Comentado / Reemiir Rev.0",TODAY()-M68,0) -> 0 | P68: =IF(N68="Revisión INN",TODAY()-L68,0) -> 0 | Q68: =ROUNDUP(((COUNTA(R68:GS68)/4)/2),0) -> 0
B69: 60 | O69: =IF(N69="Comentado / Emitir Rev.0",TODAY()-M69,0) -> 0 | P69: =IF(N69="Revisión INN",TODAY()-L69,0) -> 0 | Q69: =ROUNDUP(((COUNTA(R69:GS69)/4)/2),0) -> 0
B70: 61 | O70: =IF(N70="Comentado / Emitir Rev.0",TODAY()-M70,0) -> 0 | P70: =IF(N70="Revisión INN",TODAY()-L70,0) -> 0 | Q70: =ROUNDUP(((COUNTA(R70:GS70)/4)/2),0) -> 0
B71: 62 | O71: =IF(N71="Aprobado con comentarios / Emitir Rev.0",TODAY()-M71,0) -> 0 | P71: =IF(N71="Revisión INN",TODAY()-L71,0) -> 0 | Q71: =ROUNDUP(((COUNTA(R71:GS71)/4)/2),0) -> 0
B72: 63 | O72: =IF(N72="Rechazado / Reemitir Rev.1",TODAY()-M72,0) -> 0 | P72: =IF(N72="Revisión INN",TODAY()-L72,0) -> 0 | Q72: =ROUNDUP(((COUNTA(R72:GS72)/4)/2),0) -> 0
B73: 64 | O73: =IF(N73="Rechazado / Reemitir Rev.1",TODAY()-M73,0) -> 0 | P73: =IF(N73="Revisión INN",TODAY()-L73,0) -> 0 | Q73: =ROUNDUP(((COUNTA(R73:GS73)/4)/2),0) -> 0
B74: 65 | O74: =IF(N74="Aprobado con comentarios / Emitir Rev.0",TODAY()-M74,0) -> 0 | P74: =IF(N74="Revisión INN",TODAY()-L74,0) -> 0 | Q74: =ROUNDUP(((COUNTA(R74:GS74)/4)/2),0) -> 0
B75: 66 | O75: =IF(N75="Comentado / Emitir Rev.C",TODAY()-M75,0) -> 0 | P75: =IF(N75="Revisión INN",TODAY()-L75,0) -> 0 | Q75: =ROUNDUP(((COUNTA(R75:GS75)/4)/2),0) -> 0
B76: 67 | O76: =IF(N76="Comentado / Emitir Rev.C",TODAY()-M76,0) -> 0 | P76: =IF(N76="Revisión INN",TODAY()-L76,0) -> 0 | Q76: =ROUNDUP(((COUNTA(R76:GS76)/4)/2),0) -> 0
B77: 68 | O77: =IF(N77="Aprobado con comentarios / Emitir Rev.0",TODAY()-M77,0) -> 0 | P77: =IF(N77="Revisión INN",TODAY()-L77,0) -> 0
B78: 69
B79: 70
B80: 71 | O80: =IF(N80="Aprobado con comentarios / Emitir Rev.0",TODAY()-M80,0) -> 0 | P80: =IF(N80="Revisión INN",TODAY()-L80,0) -> 0 | Q80: =ROUNDUP(((COUNTA(R80:GS80)/4)/2),0) -> 0
B81: 72 | O81: =IF(N81="Aprobado con comentarios / Emitir Rev.0",TODAY()-M81,0) -> 0 | P81: =IF(N81="Revisión INN",TODAY()-L81,0) -> 0 | Q81: =ROUNDUP(((COUNTA(R81:GS81)/4)/2),0) -> 0
B82: 73 | O82: =IF(N82="Comentado / Emitir Rev.0",TODAY()-M82,0) -> 0 | P82: =IF(N82="Revisión INN",TODAY()-L82,0) -> 0 | Q82: =ROUNDUP(((COUNTA(R82:GS82)/4)/2),0) -> 0
B83: 74 | O83: =IF(N83="Aprobado con comentarios / Emitir Rev.0",TODAY()-M83,0) -> 0 | P83: =IF(N83="Revisión INN",TODAY()-L83,0) -> 0 | Q83: =ROUNDUP(((COUNTA(R83:GS83)/4)/2),0) -> 0
B84: 75 | O84: =IF(N84="Aprobado con comentarios / Emitir Rev.0",TODAY()-M84,0) -> 0 | P84: =IF(N84="Revisión INN",TODAY()-L84,0) -> 0
B85: 76 | O85: =IF(N85="Aprobado con comentarios / Emitir Rev.0",TODAY()-M85,0) -> 0 | P85: =IF(N85="Revisión INN",TODAY()-L85,0) -> 0 | Q85: =ROUNDUP(((COUNTA(R85:GS85)/4)/2),0) -> 0
B86: 77 | O86: =IF(N86="Aprobado con comentarios / Emitir Rev.0",TODAY()-M86,0) -> 0 | P86: =IF(N86="Revisión INN",TODAY()-L86,0) -> 0 | Q86: =ROUNDUP(((COUNTA(R86:GS86)/4)/2),0) -> 0
B87: 78 | O87: =IF(N87="Aprobado con comentarios / Emitir Rev.0",TODAY()-M87,0) -> 0 | P87: =IF(N87="Revisión INN",TODAY()-L87,0) -> 0 | Q87: =ROUNDUP(((COUNTA(R87:GS87)/4)/2),0) -> 0
B88: 79 | O88: =IF(N88="Aprobado con comentarios / Emitir Rev.1",TODAY()-M88,0) -> 0 | P88: =IF(N88="Revisión INN",TODAY()-L88,0) -> 0 | Q88: =ROUNDUP(((COUNTA(R88:GS88)/4)/2),0) -> 0
B89: 80 | O89: =IF(N89="Aprobado con comentarios / Emitir Rev.1",TODAY()-M89,0) -> 0 | P89: =IF(N89="Revisión INN",TODAY()-L89,0) -> 0 | Q89: =ROUNDUP(((COUNTA(R89:GS89)/4)/2),0) -> 0
O90: =IF(N90="Aprobado con comentarios / Emitir Rev.0",TODAY()-M90,0) -> 0 | P90: =IF(N90="Revisión INN",TODAY()-L90,0) -> 0 | Q90: =ROUNDUP(((COUNTA(R90:GS90)/4)/2),0) -> 0
O91: =IF(N91="Aprobado con comentarios / Emitir Rev.0",TODAY()-M91,0) -> 0 | P91: =IF(N91="Revisión INN",TODAY()-L91,0) -> 0 | Q91: =ROUNDUP(((COUNTA(R91:GS91)/4)/2),0) -> 0
O92: =IF(N92="Aprobado con comentarios / Emitir Rev.0",TODAY()-M92,0) -> 0 | P92: =IF(N92="Revisión INN",TODAY()-L92,0) -> 0 | Q92: =ROUNDUP(((COUNTA(R92:GS92)/4)/2),0) -> 0
O93: =IF(N93="Aprobado con comentarios / Emitir Rev.0",TODAY()-M93,0) -> 0 | P93: =IF(N93="Revisión INN",TODAY()-L93,0) -> 0 | Q93: =ROUNDUP(((COUNTA(R93:GS93)/4)/2),0) -> 0
O94: =IF(N94="Aprobado con comentarios / Emitir Rev.0",TODAY()-M94,0) -> 0 | P94: =IF(N94="Revisión INN",TODAY()-L94,0) -> 0 | Q94: =ROUNDUP(((COUNTA(R94:GS94)/4)/2),0) -> 0
O95: =IF(N95="Aprobado con comentarios / Emitir Rev.0",TODAY()-M95,0) -> 0 | P95: =IF(N95="Revisión INN",TODAY()-L95,0) -> 0 | Q95: =ROUNDUP(((COUNTA(R95:GS95)/4)/2),0) -> 0
O96: =IF(N96="Aprobado con comentarios / Emitir Rev.0",TODAY()-M96,0) -> 0 | P96: =IF(N96="Revisión INN",TODAY()-L96,0) -> 0 | Q96: =ROUNDUP(((COUNTA(R96:GS96)/4)/2),0) -> 0
O97: =IF(N97="Aprobado con comentarios / Emitir Rev.0",TODAY()-M97,0) -> 0 | P97: =IF(N97="Revisión INN",TODAY()-L97,0) -> 0 | Q97: =ROUNDUP(((COUNTA(R97:GS97)/4)/2),0) -> 0
O98: =IF(N98="Aprobado con comentarios / Emitir Rev.0",TODAY()-M98,0) -> 0 | P98: =IF(N98="Revisión INN",TODAY()-L98,0) -> 0 | Q98: =ROUNDUP(((COUNTA(R98:GS98)/4)/2),0) -> 0
O99: =IF(N99="Aprobado con comentarios / Emitir Rev.0",TODAY()-M99,0) -> 0 | P99: =IF(N99="Revisión INN",TODAY()-L99,0) -> 0 | Q99: =ROUNDUP(((COUNTA(R99:GS99)/4)/2),0) -> 0
O100: =IF(N100="Aprobado con comentarios / Emitir Rev.0",TODAY()-M100,0) -> 0 | P100: =IF(N100="Revisión INN",TODAY()-L100,0) -> 0 | Q100: =ROUNDUP(((COUNTA(R100:GS100)/4)/2),0) -> 0
O101: =IF(N101="Aprobado con comentarios / Emitir Rev.0",TODAY()-M101,0) -> 0 | P101: =IF(N101="Revisión INN",TODAY()-L101,0) -> 0 | Q101: =ROUNDUP(((COUNTA(R101:GS101)/4)/2),0) -> 0
... O114: =IF(N114="Aprobado con comentarios / Emitir Rev.0",TODAY()-M114,0) -> 0 | P114: =IF(N114="Revisión INN",TODAY()-L114,0) -> 0 | Q114: =ROUNDUP(((COUNTA(R114:GS114)/4)/2),0) -> 0
...

Sheet Hoja1
B3: Asunción de la Virgen | C3: 45884
B4: Independencia Nacional | C4: 45918
B5: Día de la Glorias del Ejercito | C5: 45919
B6: Encuentro de Dos Mundos | C6: 45942
B7: Iglesias Evangelicas y Protestante | C7: 45961
B8: Los Santos | C8: 45962
B9: Inmaculada Concepción | C9: 45999
B10: Navidad | C10: 46016
B11: Año Nuevo | C11: 46023
B12: Viernes Santo | C12: 46115
B13: Día del Trabajo | C13: 46143
B14: Glorias Navales | C14: 46163
... B25: Navidad | C25: 46381
